role_id,role_title,esco_skill_uri,skill_label,relation_type,skill_importance,minimum_required,favorable_target,threshold_reason
CR01,Software Engineer,http://data.europa.eu/esco/skill/19a8293b-8e95-4de3-983f-77484079c389,Java (computer programming),optional,1.0,4,5,"Java (computer programming) is a supporting skill for this role, highly important and frequently demanded based on the ranking signal. Minimum acceptable proficiency is 4/5, and favorable proficiency is 5/5."
CR01,Software Engineer,http://data.europa.eu/esco/skill/ccd0a1d9-afda-43d9-b901-96344886e14d,Python (computer programming),optional,0.9959,4,5,"Python (computer programming) is a supporting skill for this role, highly important and frequently demanded based on the ranking signal. Minimum acceptable proficiency is 4/5, and favorable proficiency is 5/5."
CR01,Software Engineer,http://data.europa.eu/esco/skill/598de5b0-5b58-4ea7-8058-a4bc4d18c742,SQL,optional,0.6661,2,3,"SQL is a supporting skill for this role, useful and moderately important based on the ranking signal. Minimum acceptable proficiency is 2/5, and favorable proficiency is 3/5."
CR01,Software Engineer,http://data.europa.eu/esco/skill/172020d1-e151-445b-8173-e2a5fb16fe51,utilise computer-aided software engineering tools,essential,0.6281,3,4,"utilise computer-aided software engineering tools is a core skill for this role, useful and moderately important based on the ranking signal. Minimum acceptable proficiency is 3/5, and favorable proficiency is 4/5."
CR01,Software Engineer,http://data.europa.eu/esco/skill/51586df8-1c46-4b47-8583-773cb63bf00b,R,optional,0.5536,2,3,"R is a supporting skill for this role, useful and moderately important based on the ranking signal. Minimum acceptable proficiency is 2/5, and favorable proficiency is 3/5."
CR01,Software Engineer,http://data.europa.eu/esco/skill/3cd569a2-4f88-4c1e-9995-8dce8c5e51a7,JavaScript,optional,0.5287,2,3,"JavaScript is a supporting skill for this role, useful and moderately important based on the ranking signal. Minimum acceptable proficiency is 2/5, and favorable proficiency is 3/5."
CR01,Software Engineer,http://data.europa.eu/esco/skill/0a9acb6b-1139-4be9-b431-3a80a959f2f4,Agile project management,optional,0.5083,2,3,"Agile project management is a supporting skill for this role, useful and moderately important based on the ranking signal. Minimum acceptable proficiency is 2/5, and favorable proficiency is 3/5."
CR01,Software Engineer,http://data.europa.eu/esco/skill/b633eb55-8f1f-4ae6-ab4c-2022ffe2cb7f,C++,optional,0.4646,1,2,"C++ is a supporting skill for this role, helpful but not central based on the ranking signal. Minimum acceptable proficiency is 1/5, and favorable proficiency is 2/5."
CR01,Software Engineer,http://data.europa.eu/esco/skill/04f1b938-d4d4-4cb1-a863-982af76b9d93,SAS language,optional,0.4292,1,2,"SAS language is a supporting skill for this role, helpful but not central based on the ranking signal. Minimum acceptable proficiency is 1/5, and favorable proficiency is 2/5."
CR01,Software Engineer,http://data.europa.eu/esco/skill/4c016b68-4116-468c-9dc6-42710c239e4a,C#,optional,0.2964,1,2,"C# is a supporting skill for this role, helpful but not central based on the ranking signal. Minimum acceptable proficiency is 1/5, and favorable proficiency is 2/5."
CR01,Software Engineer,http://data.europa.eu/esco/skill/867137fb-ff1b-4ca3-99f3-cb6969aa2c68,TypeScript,optional,0.271,1,2,"TypeScript is a supporting skill for this role, helpful but not central based on the ranking signal. Minimum acceptable proficiency is 1/5, and favorable proficiency is 2/5."
CR01,Software Engineer,http://data.europa.eu/esco/skill/76ef6ed3-1658-4a1a-9593-204d799c6d0c,NoSQL,optional,0.2412,1,2,"NoSQL is a supporting skill for this role, helpful but not central based on the ranking signal. Minimum acceptable proficiency is 1/5, and favorable proficiency is 2/5."
CR01,Software Engineer,http://data.europa.eu/esco/skill/f47a1998-0beb-43be-9f46-380aa4d183da,Jenkins (tools for software configuration management),optional,0.2008,1,2,"Jenkins (tools for software configuration management) is a supporting skill for this role, helpful but not central based on the ranking signal. Minimum acceptable proficiency is 1/5, and favorable proficiency is 2/5."
CR01,Software Engineer,http://data.europa.eu/esco/skill/ffddfc7c-a9dd-449f-9e96-882dc447c8b6,Scala,optional,0.1733,1,2,"Scala is a supporting skill for this role, helpful but not central based on the ranking signal. Minimum acceptable proficiency is 1/5, and favorable proficiency is 2/5."
CR01,Software Engineer,http://data.europa.eu/esco/skill/6014921e-1d25-4039-adc2-04852d61880e,ICT debugging tools,essential,0.1546,2,3,"ICT debugging tools is a core skill for this role, helpful but not central based on the ranking signal. Minimum acceptable proficiency is 2/5, and favorable proficiency is 3/5."
CR01,Software Engineer,http://data.europa.eu/esco/skill/8369c2d6-c100-4cf6-bd83-9668d8678433,utilise machine learning,optional,0.1457,1,2,"utilise machine learning is a supporting skill for this role, helpful but not central based on the ranking signal. Minimum acceptable proficiency is 1/5, and favorable proficiency is 2/5."
CR01,Software Engineer,http://data.europa.eu/esco/skill/a4d336a6-9ffd-402a-91cc-f359716ba4e0,ML (computer programming),optional,0.1374,1,2,"ML (computer programming) is a supporting skill for this role, helpful but not central based on the ranking signal. Minimum acceptable proficiency is 1/5, and favorable proficiency is 2/5."
CR01,Software Engineer,http://data.europa.eu/esco/skill/3bddfd7c-ab6d-40c2-883d-5e97fb7640ba,create software design,essential,0.129,2,3,"create software design is a core skill for this role, helpful but not central based on the ranking signal. Minimum acceptable proficiency is 2/5, and favorable proficiency is 3/5."
CR01,Software Engineer,http://data.europa.eu/esco/skill/7111b95d-0ce3-441a-9d92-4c75d05c4388,project management,essential,0.0892,2,3,"project management is a core skill for this role, helpful but not central based on the ranking signal. Minimum acceptable proficiency is 2/5, and favorable proficiency is 3/5."
CR01,Software Engineer,http://data.europa.eu/esco/skill/6f8a40d6-f9ce-43ec-a72f-d4213a53f3ed,Ansible,optional,0.0766,1,2,"Ansible is a supporting skill for this role, helpful but not central based on the ranking signal. Minimum acceptable proficiency is 1/5, and favorable proficiency is 2/5."
CR02,Backend Engineer,http://data.europa.eu/esco/skill/ccd0a1d9-afda-43d9-b901-96344886e14d,Python (computer programming),optional,1.0,4,5,"Python (computer programming) is a supporting skill for this role, highly important and frequently demanded based on the ranking signal. Minimum acceptable proficiency is 4/5, and favorable proficiency is 5/5."
CR02,Backend Engineer,http://data.europa.eu/esco/skill/19a8293b-8e95-4de3-983f-77484079c389,Java (computer programming),optional,0.847,3,4,"Java (computer programming) is a supporting skill for this role, important and commonly expected based on the ranking signal. Minimum acceptable proficiency is 3/5, and favorable proficiency is 4/5."
CR02,Backend Engineer,http://data.europa.eu/esco/skill/598de5b0-5b58-4ea7-8058-a4bc4d18c742,SQL,optional,0.7055,3,4,"SQL is a supporting skill for this role, important and commonly expected based on the ranking signal. Minimum acceptable proficiency is 3/5, and favorable proficiency is 4/5."
CR02,Backend Engineer,http://data.europa.eu/esco/skill/51586df8-1c46-4b47-8583-773cb63bf00b,R,optional,0.6922,2,3,"R is a supporting skill for this role, useful and moderately important based on the ranking signal. Minimum acceptable proficiency is 2/5, and favorable proficiency is 3/5."
CR02,Backend Engineer,http://data.europa.eu/esco/skill/ffddfc7c-a9dd-449f-9e96-882dc447c8b6,Scala,optional,0.5354,2,3,"Scala is a supporting skill for this role, useful and moderately important based on the ranking signal. Minimum acceptable proficiency is 2/5, and favorable proficiency is 3/5."
CR02,Backend Engineer,http://data.europa.eu/esco/skill/0a9acb6b-1139-4be9-b431-3a80a959f2f4,Agile project management,optional,0.4407,1,2,"Agile project management is a supporting skill for this role, helpful but not central based on the ranking signal. Minimum acceptable proficiency is 1/5, and favorable proficiency is 2/5."
CR02,Backend Engineer,http://data.europa.eu/esco/skill/76ef6ed3-1658-4a1a-9593-204d799c6d0c,NoSQL,optional,0.3576,1,2,"NoSQL is a supporting skill for this role, helpful but not central based on the ranking signal. Minimum acceptable proficiency is 1/5, and favorable proficiency is 2/5."
CR02,Backend Engineer,http://data.europa.eu/esco/skill/172020d1-e151-445b-8173-e2a5fb16fe51,utilise computer-aided software engineering tools,essential,0.3298,2,3,"utilise computer-aided software engineering tools is a core skill for this role, helpful but not central based on the ranking signal. Minimum acceptable proficiency is 2/5, and favorable proficiency is 3/5."
CR02,Backend Engineer,http://data.europa.eu/esco/skill/3cd569a2-4f88-4c1e-9995-8dce8c5e51a7,JavaScript,optional,0.2314,1,2,"JavaScript is a supporting skill for this role, helpful but not central based on the ranking signal. Minimum acceptable proficiency is 1/5, and favorable proficiency is 2/5."
CR02,Backend Engineer,http://data.europa.eu/esco/skill/867137fb-ff1b-4ca3-99f3-cb6969aa2c68,TypeScript,optional,0.152,1,2,"TypeScript is a supporting skill for this role, helpful but not central based on the ranking signal. Minimum acceptable proficiency is 1/5, and favorable proficiency is 2/5."
CR02,Backend Engineer,http://data.europa.eu/esco/skill/04f1b938-d4d4-4cb1-a863-982af76b9d93,SAS language,optional,0.1281,1,2,"SAS language is a supporting skill for this role, helpful but not central based on the ranking signal. Minimum acceptable proficiency is 1/5, and favorable proficiency is 2/5."
CR02,Backend Engineer,http://data.europa.eu/esco/skill/f47a1998-0beb-43be-9f46-380aa4d183da,Jenkins (tools for software configuration management),optional,0.1071,1,2,"Jenkins (tools for software configuration management) is a supporting skill for this role, helpful but not central based on the ranking signal. Minimum acceptable proficiency is 1/5, and favorable proficiency is 2/5."
CR02,Backend Engineer,http://data.europa.eu/esco/skill/8369c2d6-c100-4cf6-bd83-9668d8678433,utilise machine learning,optional,0.0899,1,2,"utilise machine learning is a supporting skill for this role, helpful but not central based on the ranking signal. Minimum acceptable proficiency is 1/5, and favorable proficiency is 2/5."
CR02,Backend Engineer,http://data.europa.eu/esco/skill/4350c38d-0fe9-4ca7-bab9-40ed7f72b04f,PHP,optional,0.0793,1,2,"PHP is a supporting skill for this role, helpful but not central based on the ranking signal. Minimum acceptable proficiency is 1/5, and favorable proficiency is 2/5."
CR02,Backend Engineer,http://data.europa.eu/esco/skill/6b643893-0a1f-4f6c-83a1-e7eef75849b9,develop with cloud services,optional,0.0793,1,2,"develop with cloud services is a supporting skill for this role, helpful but not central based on the ranking signal. Minimum acceptable proficiency is 1/5, and favorable proficiency is 2/5."
CR02,Backend Engineer,http://data.europa.eu/esco/skill/4c016b68-4116-468c-9dc6-42710c239e4a,C#,optional,0.0688,1,2,"C# is a supporting skill for this role, helpful but not central based on the ranking signal. Minimum acceptable proficiency is 1/5, and favorable proficiency is 2/5."
CR02,Backend Engineer,http://data.europa.eu/esco/skill/af7ae54f-4649-4c16-87c7-59ba41d4d57f,SPARK,optional,0.0679,1,2,"SPARK is a supporting skill for this role, helpful but not central based on the ranking signal. Minimum acceptable proficiency is 1/5, and favorable proficiency is 2/5."
CR02,Backend Engineer,http://data.europa.eu/esco/skill/0ccdfe98-f845-4598-84a1-3dca66e9d9a3,Ruby (computer programming),optional,0.0669,1,2,"Ruby (computer programming) is a supporting skill for this role, helpful but not central based on the ranking signal. Minimum acceptable proficiency is 1/5, and favorable proficiency is 2/5."
CR02,Backend Engineer,http://data.europa.eu/esco/skill/b633eb55-8f1f-4ae6-ab4c-2022ffe2cb7f,C++,optional,0.0621,1,2,"C++ is a supporting skill for this role, helpful but not central based on the ranking signal. Minimum acceptable proficiency is 1/5, and favorable proficiency is 2/5."
CR02,Backend Engineer,http://data.europa.eu/esco/skill/0a52bed5-fd29-45fb-aba6-e32bccfda1c1,plan migration to cloud,optional,0.0382,1,2,"plan migration to cloud is a supporting skill for this role, helpful but not central based on the ranking signal. Minimum acceptable proficiency is 1/5, and favorable proficiency is 2/5."
CR03,Frontend Engineer,http://data.europa.eu/esco/skill/3cd569a2-4f88-4c1e-9995-8dce8c5e51a7,JavaScript,optional,1.0,4,5,"JavaScript is a supporting skill for this role, highly important and frequently demanded based on the ranking signal. Minimum acceptable proficiency is 4/5, and favorable proficiency is 5/5."
CR03,Frontend Engineer,http://data.europa.eu/esco/skill/e5d1f825-60ed-4bdd-872a-e748c387f777,CSS,optional,0.7337,3,4,"CSS is a supporting skill for this role, important and commonly expected based on the ranking signal. Minimum acceptable proficiency is 3/5, and favorable proficiency is 4/5."
CR03,Frontend Engineer,http://data.europa.eu/esco/skill/19a8293b-8e95-4de3-983f-77484079c389,Java (computer programming),optional,0.6549,2,3,"Java (computer programming) is a supporting skill for this role, useful and moderately important based on the ranking signal. Minimum acceptable proficiency is 2/5, and favorable proficiency is 3/5."
CR03,Frontend Engineer,http://data.europa.eu/esco/skill/51586df8-1c46-4b47-8583-773cb63bf00b,R,optional,0.5611,2,3,"R is a supporting skill for this role, useful and moderately important based on the ranking signal. Minimum acceptable proficiency is 2/5, and favorable proficiency is 3/5."
CR03,Frontend Engineer,http://data.europa.eu/esco/skill/598de5b0-5b58-4ea7-8058-a4bc4d18c742,SQL,optional,0.4925,1,2,"SQL is a supporting skill for this role, helpful but not central based on the ranking signal. Minimum acceptable proficiency is 1/5, and favorable proficiency is 2/5."
CR03,Frontend Engineer,http://data.europa.eu/esco/skill/ccd0a1d9-afda-43d9-b901-96344886e14d,Python (computer programming),optional,0.4372,1,2,"Python (computer programming) is a supporting skill for this role, helpful but not central based on the ranking signal. Minimum acceptable proficiency is 1/5, and favorable proficiency is 2/5."
CR03,Frontend Engineer,http://data.europa.eu/esco/skill/4c016b68-4116-468c-9dc6-42710c239e4a,C#,optional,0.4137,1,2,"C# is a supporting skill for this role, helpful but not central based on the ranking signal. Minimum acceptable proficiency is 1/5, and favorable proficiency is 2/5."
CR03,Frontend Engineer,http://data.europa.eu/esco/skill/867137fb-ff1b-4ca3-99f3-cb6969aa2c68,TypeScript,optional,0.2982,1,2,"TypeScript is a supporting skill for this role, helpful but not central based on the ranking signal. Minimum acceptable proficiency is 1/5, and favorable proficiency is 2/5."
CR03,Frontend Engineer,http://data.europa.eu/esco/skill/04f1b938-d4d4-4cb1-a863-982af76b9d93,SAS language,optional,0.2596,1,2,"SAS language is a supporting skill for this role, helpful but not central based on the ranking signal. Minimum acceptable proficiency is 1/5, and favorable proficiency is 2/5."
CR03,Frontend Engineer,http://data.europa.eu/esco/skill/be80acfc-b6f2-4411-9b8d-b19d9cd2556a,Swift (computer programming),optional,0.258,1,2,"Swift (computer programming) is a supporting skill for this role, helpful but not central based on the ranking signal. Minimum acceptable proficiency is 1/5, and favorable proficiency is 2/5."
CR03,Frontend Engineer,http://data.europa.eu/esco/skill/f47a1998-0beb-43be-9f46-380aa4d183da,Jenkins (tools for software configuration management),optional,0.2546,1,2,"Jenkins (tools for software configuration management) is a supporting skill for this role, helpful but not central based on the ranking signal. Minimum acceptable proficiency is 1/5, and favorable proficiency is 2/5."
CR03,Frontend Engineer,http://data.europa.eu/esco/skill/172020d1-e151-445b-8173-e2a5fb16fe51,utilise computer-aided software engineering tools,essential,0.2312,2,3,"utilise computer-aided software engineering tools is a core skill for this role, helpful but not central based on the ranking signal. Minimum acceptable proficiency is 2/5, and favorable proficiency is 3/5."
CR03,Frontend Engineer,http://data.europa.eu/esco/skill/6014921e-1d25-4039-adc2-04852d61880e,ICT debugging tools,essential,0.2178,2,3,"ICT debugging tools is a core skill for this role, helpful but not central based on the ranking signal. Minimum acceptable proficiency is 2/5, and favorable proficiency is 3/5."
CR03,Frontend Engineer,http://data.europa.eu/esco/skill/a4d336a6-9ffd-402a-91cc-f359716ba4e0,ML (computer programming),optional,0.1993,1,2,"ML (computer programming) is a supporting skill for this role, helpful but not central based on the ranking signal. Minimum acceptable proficiency is 1/5, and favorable proficiency is 2/5."
CR03,Frontend Engineer,http://data.europa.eu/esco/skill/1019423b-3368-4f83-b24f-19e5fa23e816,software UI design patterns,essential,0.1625,2,3,"software UI design patterns is a core skill for this role, helpful but not central based on the ranking signal. Minimum acceptable proficiency is 2/5, and favorable proficiency is 3/5."
CR03,Frontend Engineer,http://data.europa.eu/esco/skill/b633eb55-8f1f-4ae6-ab4c-2022ffe2cb7f,C++,optional,0.1591,1,2,"C++ is a supporting skill for this role, helpful but not central based on the ranking signal. Minimum acceptable proficiency is 1/5, and favorable proficiency is 2/5."
CR03,Frontend Engineer,http://data.europa.eu/esco/skill/4350c38d-0fe9-4ca7-bab9-40ed7f72b04f,PHP,optional,0.1441,1,2,"PHP is a supporting skill for this role, helpful but not central based on the ranking signal. Minimum acceptable proficiency is 1/5, and favorable proficiency is 2/5."
CR03,Frontend Engineer,http://data.europa.eu/esco/skill/69bbd53f-fbb0-4476-b4b2-ef7844464e28,web programming,essential,0.1407,2,3,"web programming is a core skill for this role, helpful but not central based on the ranking signal. Minimum acceptable proficiency is 2/5, and favorable proficiency is 3/5."
CR03,Frontend Engineer,http://data.europa.eu/esco/skill/6d289e8b-2cc1-4eda-ab1f-ad1090ef98f0,WordPress,optional,0.124,1,2,"WordPress is a supporting skill for this role, helpful but not central based on the ranking signal. Minimum acceptable proficiency is 1/5, and favorable proficiency is 2/5."
CR03,Frontend Engineer,http://data.europa.eu/esco/skill/6f8a40d6-f9ce-43ec-a72f-d4213a53f3ed,Ansible,optional,0.1122,1,2,"Ansible is a supporting skill for this role, helpful but not central based on the ranking signal. Minimum acceptable proficiency is 1/5, and favorable proficiency is 2/5."
CR04,Full-Stack Engineer,http://data.europa.eu/esco/skill/3cd569a2-4f88-4c1e-9995-8dce8c5e51a7,JavaScript,optional,1.0,4,5,"JavaScript is a supporting skill for this role, highly important and frequently demanded based on the ranking signal. Minimum acceptable proficiency is 4/5, and favorable proficiency is 5/5."
CR04,Full-Stack Engineer,http://data.europa.eu/esco/skill/19a8293b-8e95-4de3-983f-77484079c389,Java (computer programming),optional,0.9045,4,5,"Java (computer programming) is a supporting skill for this role, highly important and frequently demanded based on the ranking signal. Minimum acceptable proficiency is 4/5, and favorable proficiency is 5/5."
CR04,Full-Stack Engineer,http://data.europa.eu/esco/skill/598de5b0-5b58-4ea7-8058-a4bc4d18c742,SQL,optional,0.844,3,4,"SQL is a supporting skill for this role, important and commonly expected based on the ranking signal. Minimum acceptable proficiency is 3/5, and favorable proficiency is 4/5."
CR04,Full-Stack Engineer,http://data.europa.eu/esco/skill/ccd0a1d9-afda-43d9-b901-96344886e14d,Python (computer programming),optional,0.7888,3,4,"Python (computer programming) is a supporting skill for this role, important and commonly expected based on the ranking signal. Minimum acceptable proficiency is 3/5, and favorable proficiency is 4/5."
CR04,Full-Stack Engineer,http://data.europa.eu/esco/skill/867137fb-ff1b-4ca3-99f3-cb6969aa2c68,TypeScript,optional,0.7826,3,4,"TypeScript is a supporting skill for this role, important and commonly expected based on the ranking signal. Minimum acceptable proficiency is 3/5, and favorable proficiency is 4/5."
CR04,Full-Stack Engineer,http://data.europa.eu/esco/skill/51586df8-1c46-4b47-8583-773cb63bf00b,R,optional,0.7607,3,4,"R is a supporting skill for this role, important and commonly expected based on the ranking signal. Minimum acceptable proficiency is 3/5, and favorable proficiency is 4/5."
CR04,Full-Stack Engineer,http://data.europa.eu/esco/skill/172020d1-e151-445b-8173-e2a5fb16fe51,utilise computer-aided software engineering tools,essential,0.4461,2,3,"utilise computer-aided software engineering tools is a core skill for this role, helpful but not central based on the ranking signal. Minimum acceptable proficiency is 2/5, and favorable proficiency is 3/5."
CR04,Full-Stack Engineer,http://data.europa.eu/esco/skill/a4d336a6-9ffd-402a-91cc-f359716ba4e0,ML (computer programming),optional,0.4408,1,2,"ML (computer programming) is a supporting skill for this role, helpful but not central based on the ranking signal. Minimum acceptable proficiency is 1/5, and favorable proficiency is 2/5."
CR04,Full-Stack Engineer,http://data.europa.eu/esco/skill/e5d1f825-60ed-4bdd-872a-e748c387f777,CSS,optional,0.3278,1,2,"CSS is a supporting skill for this role, helpful but not central based on the ranking signal. Minimum acceptable proficiency is 1/5, and favorable proficiency is 2/5."
CR04,Full-Stack Engineer,http://data.europa.eu/esco/skill/76ef6ed3-1658-4a1a-9593-204d799c6d0c,NoSQL,optional,0.3225,1,2,"NoSQL is a supporting skill for this role, helpful but not central based on the ranking signal. Minimum acceptable proficiency is 1/5, and favorable proficiency is 2/5."
CR04,Full-Stack Engineer,http://data.europa.eu/esco/skill/04f1b938-d4d4-4cb1-a863-982af76b9d93,SAS language,optional,0.1981,1,2,"SAS language is a supporting skill for this role, helpful but not central based on the ranking signal. Minimum acceptable proficiency is 1/5, and favorable proficiency is 2/5."
CR04,Full-Stack Engineer,http://data.europa.eu/esco/skill/4c016b68-4116-468c-9dc6-42710c239e4a,C#,optional,0.1236,1,2,"C# is a supporting skill for this role, helpful but not central based on the ranking signal. Minimum acceptable proficiency is 1/5, and favorable proficiency is 2/5."
CR04,Full-Stack Engineer,http://data.europa.eu/esco/skill/8369c2d6-c100-4cf6-bd83-9668d8678433,utilise machine learning,optional,0.1113,1,2,"utilise machine learning is a supporting skill for this role, helpful but not central based on the ranking signal. Minimum acceptable proficiency is 1/5, and favorable proficiency is 2/5."
CR04,Full-Stack Engineer,http://data.europa.eu/esco/skill/f47a1998-0beb-43be-9f46-380aa4d183da,Jenkins (tools for software configuration management),optional,0.1052,1,2,"Jenkins (tools for software configuration management) is a supporting skill for this role, helpful but not central based on the ranking signal. Minimum acceptable proficiency is 1/5, and favorable proficiency is 2/5."
CR04,Full-Stack Engineer,http://data.europa.eu/esco/skill/ffddfc7c-a9dd-449f-9e96-882dc447c8b6,Scala,optional,0.071,1,2,"Scala is a supporting skill for this role, helpful but not central based on the ranking signal. Minimum acceptable proficiency is 1/5, and favorable proficiency is 2/5."
CR04,Full-Stack Engineer,http://data.europa.eu/esco/skill/6f8a40d6-f9ce-43ec-a72f-d4213a53f3ed,Ansible,optional,0.0561,1,2,"Ansible is a supporting skill for this role, helpful but not central based on the ranking signal. Minimum acceptable proficiency is 1/5, and favorable proficiency is 2/5."
CR04,Full-Stack Engineer,http://data.europa.eu/esco/skill/6014921e-1d25-4039-adc2-04852d61880e,ICT debugging tools,essential,0.0517,2,3,"ICT debugging tools is a core skill for this role, helpful but not central based on the ranking signal. Minimum acceptable proficiency is 2/5, and favorable proficiency is 3/5."
CR04,Full-Stack Engineer,http://data.europa.eu/esco/skill/b633eb55-8f1f-4ae6-ab4c-2022ffe2cb7f,C++,optional,0.0491,1,2,"C++ is a supporting skill for this role, helpful but not central based on the ranking signal. Minimum acceptable proficiency is 1/5, and favorable proficiency is 2/5."
CR04,Full-Stack Engineer,http://data.europa.eu/esco/skill/af7ae54f-4649-4c16-87c7-59ba41d4d57f,SPARK,optional,0.0429,1,2,"SPARK is a supporting skill for this role, helpful but not central based on the ranking signal. Minimum acceptable proficiency is 1/5, and favorable proficiency is 2/5."
CR04,Full-Stack Engineer,http://data.europa.eu/esco/skill/0d168770-4d9c-4096-b048-a6577818d306,Apache Maven,optional,0.0359,1,2,"Apache Maven is a supporting skill for this role, helpful but not central based on the ranking signal. Minimum acceptable proficiency is 1/5, and favorable proficiency is 2/5."
CR05,Platform Engineer,http://data.europa.eu/esco/skill/ccd0a1d9-afda-43d9-b901-96344886e14d,Python (computer programming),optional,1.0,4,5,"Python (computer programming) is a supporting skill for this role, highly important and frequently demanded based on the ranking signal. Minimum acceptable proficiency is 4/5, and favorable proficiency is 5/5."
CR05,Platform Engineer,http://data.europa.eu/esco/skill/6f8a40d6-f9ce-43ec-a72f-d4213a53f3ed,Ansible,optional,0.4733,1,2,"Ansible is a supporting skill for this role, helpful but not central based on the ranking signal. Minimum acceptable proficiency is 1/5, and favorable proficiency is 2/5."
CR05,Platform Engineer,http://data.europa.eu/esco/skill/51586df8-1c46-4b47-8583-773cb63bf00b,R,optional,0.4662,1,2,"R is a supporting skill for this role, helpful but not central based on the ranking signal. Minimum acceptable proficiency is 1/5, and favorable proficiency is 2/5."
CR05,Platform Engineer,http://data.europa.eu/esco/skill/19a8293b-8e95-4de3-983f-77484079c389,Java (computer programming),optional,0.4626,1,2,"Java (computer programming) is a supporting skill for this role, helpful but not central based on the ranking signal. Minimum acceptable proficiency is 1/5, and favorable proficiency is 2/5."
CR05,Platform Engineer,http://data.europa.eu/esco/skill/0a9acb6b-1139-4be9-b431-3a80a959f2f4,Agile project management,optional,0.4555,1,2,"Agile project management is a supporting skill for this role, helpful but not central based on the ranking signal. Minimum acceptable proficiency is 1/5, and favorable proficiency is 2/5."
CR05,Platform Engineer,http://data.europa.eu/esco/skill/0ccdfe98-f845-4598-84a1-3dca66e9d9a3,Ruby (computer programming),optional,0.4021,1,2,"Ruby (computer programming) is a supporting skill for this role, helpful but not central based on the ranking signal. Minimum acceptable proficiency is 1/5, and favorable proficiency is 2/5."
CR05,Platform Engineer,http://data.europa.eu/esco/skill/b633eb55-8f1f-4ae6-ab4c-2022ffe2cb7f,C++,optional,0.2278,1,2,"C++ is a supporting skill for this role, helpful but not central based on the ranking signal. Minimum acceptable proficiency is 1/5, and favorable proficiency is 2/5."
CR05,Platform Engineer,http://data.europa.eu/esco/skill/52cf3037-ab53-4806-85ed-7fd21ea7f6a1,Groovy,optional,0.2135,1,2,"Groovy is a supporting skill for this role, helpful but not central based on the ranking signal. Minimum acceptable proficiency is 1/5, and favorable proficiency is 2/5."
CR05,Platform Engineer,http://data.europa.eu/esco/skill/f47a1998-0beb-43be-9f46-380aa4d183da,Jenkins (tools for software configuration management),optional,0.2135,1,2,"Jenkins (tools for software configuration management) is a supporting skill for this role, helpful but not central based on the ranking signal. Minimum acceptable proficiency is 1/5, and favorable proficiency is 2/5."
CR05,Platform Engineer,http://data.europa.eu/esco/skill/8efa6a7a-6556-4cb8-908d-59d3b5c58d2f,cloud monitoring and reporting,optional,0.1922,1,2,"cloud monitoring and reporting is a supporting skill for this role, helpful but not central based on the ranking signal. Minimum acceptable proficiency is 1/5, and favorable proficiency is 2/5."
CR05,Platform Engineer,http://data.europa.eu/esco/skill/3cd569a2-4f88-4c1e-9995-8dce8c5e51a7,JavaScript,optional,0.1637,1,2,"JavaScript is a supporting skill for this role, helpful but not central based on the ranking signal. Minimum acceptable proficiency is 1/5, and favorable proficiency is 2/5."
CR05,Platform Engineer,http://data.europa.eu/esco/skill/ffddfc7c-a9dd-449f-9e96-882dc447c8b6,Scala,optional,0.1566,1,2,"Scala is a supporting skill for this role, helpful but not central based on the ranking signal. Minimum acceptable proficiency is 1/5, and favorable proficiency is 2/5."
CR05,Platform Engineer,http://data.europa.eu/esco/skill/a4e31589-3632-4926-91d0-15b889c90b9b,IBM WebSphere,optional,0.1495,1,2,"IBM WebSphere is a supporting skill for this role, helpful but not central based on the ranking signal. Minimum acceptable proficiency is 1/5, and favorable proficiency is 2/5."
CR05,Platform Engineer,http://data.europa.eu/esco/skill/6417a4cc-6f61-4459-a114-761a7fa0279d,Puppet (tools for software configuration management),optional,0.1495,1,2,"Puppet (tools for software configuration management) is a supporting skill for this role, helpful but not central based on the ranking signal. Minimum acceptable proficiency is 1/5, and favorable proficiency is 2/5."
CR05,Platform Engineer,http://data.europa.eu/esco/skill/dcdd5ddf-82a6-4ac3-8edc-d4b23cae9a88,VBScript,optional,0.1317,1,2,"VBScript is a supporting skill for this role, helpful but not central based on the ranking signal. Minimum acceptable proficiency is 1/5, and favorable proficiency is 2/5."
CR05,Platform Engineer,http://data.europa.eu/esco/skill/4c016b68-4116-468c-9dc6-42710c239e4a,C#,optional,0.1139,1,2,"C# is a supporting skill for this role, helpful but not central based on the ranking signal. Minimum acceptable proficiency is 1/5, and favorable proficiency is 2/5."
CR05,Platform Engineer,http://data.europa.eu/esco/skill/172020d1-e151-445b-8173-e2a5fb16fe51,utilise computer-aided software engineering tools,optional,0.1103,1,2,"utilise computer-aided software engineering tools is a supporting skill for this role, helpful but not central based on the ranking signal. Minimum acceptable proficiency is 1/5, and favorable proficiency is 2/5."
CR05,Platform Engineer,http://data.europa.eu/esco/skill/04f1b938-d4d4-4cb1-a863-982af76b9d93,SAS language,optional,0.0961,1,2,"SAS language is a supporting skill for this role, helpful but not central based on the ranking signal. Minimum acceptable proficiency is 1/5, and favorable proficiency is 2/5."
CR05,Platform Engineer,http://data.europa.eu/esco/skill/69bbd53f-fbb0-4476-b4b2-ef7844464e28,web programming,essential,0.0961,2,3,"web programming is a core skill for this role, helpful but not central based on the ranking signal. Minimum acceptable proficiency is 2/5, and favorable proficiency is 3/5."
CR05,Platform Engineer,http://data.europa.eu/esco/skill/1c2978b8-bb0d-4249-9c23-877571a4dffa,cloud security and compliance,optional,0.0676,1,2,"cloud security and compliance is a supporting skill for this role, helpful but not central based on the ranking signal. Minimum acceptable proficiency is 1/5, and favorable proficiency is 2/5."
CR06,DevOps Engineer,http://data.europa.eu/esco/skill/ccd0a1d9-afda-43d9-b901-96344886e14d,Python (computer programming),optional,1.0,4,5,"Python (computer programming) is a supporting skill for this role, highly important and frequently demanded based on the ranking signal. Minimum acceptable proficiency is 4/5, and favorable proficiency is 5/5."
CR06,DevOps Engineer,http://data.europa.eu/esco/skill/6f8a40d6-f9ce-43ec-a72f-d4213a53f3ed,Ansible,optional,0.8304,3,4,"Ansible is a supporting skill for this role, important and commonly expected based on the ranking signal. Minimum acceptable proficiency is 3/5, and favorable proficiency is 4/5."
CR06,DevOps Engineer,http://data.europa.eu/esco/skill/51586df8-1c46-4b47-8583-773cb63bf00b,R,optional,0.8261,3,4,"R is a supporting skill for this role, important and commonly expected based on the ranking signal. Minimum acceptable proficiency is 3/5, and favorable proficiency is 4/5."
CR06,DevOps Engineer,http://data.europa.eu/esco/skill/f47a1998-0beb-43be-9f46-380aa4d183da,Jenkins (tools for software configuration management),optional,0.7522,3,4,"Jenkins (tools for software configuration management) is a supporting skill for this role, important and commonly expected based on the ranking signal. Minimum acceptable proficiency is 3/5, and favorable proficiency is 4/5."
CR06,DevOps Engineer,http://data.europa.eu/esco/skill/6417a4cc-6f61-4459-a114-761a7fa0279d,Puppet (tools for software configuration management),optional,0.4174,1,2,"Puppet (tools for software configuration management) is a supporting skill for this role, helpful but not central based on the ranking signal. Minimum acceptable proficiency is 1/5, and favorable proficiency is 2/5."
CR06,DevOps Engineer,http://data.europa.eu/esco/skill/19a8293b-8e95-4de3-983f-77484079c389,Java (computer programming),optional,0.3,1,2,"Java (computer programming) is a supporting skill for this role, helpful but not central based on the ranking signal. Minimum acceptable proficiency is 1/5, and favorable proficiency is 2/5."
CR06,DevOps Engineer,http://data.europa.eu/esco/skill/8efa6a7a-6556-4cb8-908d-59d3b5c58d2f,cloud monitoring and reporting,optional,0.213,1,2,"cloud monitoring and reporting is a supporting skill for this role, helpful but not central based on the ranking signal. Minimum acceptable proficiency is 1/5, and favorable proficiency is 2/5."
CR06,DevOps Engineer,http://data.europa.eu/esco/skill/172020d1-e151-445b-8173-e2a5fb16fe51,utilise computer-aided software engineering tools,optional,0.113,1,2,"utilise computer-aided software engineering tools is a supporting skill for this role, helpful but not central based on the ranking signal. Minimum acceptable proficiency is 1/5, and favorable proficiency is 2/5."
CR06,DevOps Engineer,http://data.europa.eu/esco/skill/04f1b938-d4d4-4cb1-a863-982af76b9d93,SAS language,optional,0.1087,1,2,"SAS language is a supporting skill for this role, helpful but not central based on the ranking signal. Minimum acceptable proficiency is 1/5, and favorable proficiency is 2/5."
CR06,DevOps Engineer,http://data.europa.eu/esco/skill/0ccdfe98-f845-4598-84a1-3dca66e9d9a3,Ruby (computer programming),optional,0.1,1,2,"Ruby (computer programming) is a supporting skill for this role, helpful but not central based on the ranking signal. Minimum acceptable proficiency is 1/5, and favorable proficiency is 2/5."
CR06,DevOps Engineer,http://data.europa.eu/esco/skill/4c016b68-4116-468c-9dc6-42710c239e4a,C#,optional,0.0913,1,2,"C# is a supporting skill for this role, helpful but not central based on the ranking signal. Minimum acceptable proficiency is 1/5, and favorable proficiency is 2/5."
CR06,DevOps Engineer,http://data.europa.eu/esco/skill/ffddfc7c-a9dd-449f-9e96-882dc447c8b6,Scala,optional,0.087,1,2,"Scala is a supporting skill for this role, helpful but not central based on the ranking signal. Minimum acceptable proficiency is 1/5, and favorable proficiency is 2/5."
CR06,DevOps Engineer,http://data.europa.eu/esco/skill/9190d87f-9792-42e0-bb7f-64294a656bcd,monitor system performance,essential,0.087,2,3,"monitor system performance is a core skill for this role, helpful but not central based on the ranking signal. Minimum acceptable proficiency is 2/5, and favorable proficiency is 3/5."
CR06,DevOps Engineer,http://data.europa.eu/esco/skill/b633eb55-8f1f-4ae6-ab4c-2022ffe2cb7f,C++,optional,0.0826,1,2,"C++ is a supporting skill for this role, helpful but not central based on the ranking signal. Minimum acceptable proficiency is 1/5, and favorable proficiency is 2/5."
CR06,DevOps Engineer,http://data.europa.eu/esco/skill/3cd569a2-4f88-4c1e-9995-8dce8c5e51a7,JavaScript,optional,0.0783,1,2,"JavaScript is a supporting skill for this role, helpful but not central based on the ranking signal. Minimum acceptable proficiency is 1/5, and favorable proficiency is 2/5."
CR06,DevOps Engineer,http://data.europa.eu/esco/skill/401eb8d8-6daa-4f8b-90ad-60afc71eb4f8,Perl,optional,0.0609,1,2,"Perl is a supporting skill for this role, helpful but not central based on the ranking signal. Minimum acceptable proficiency is 1/5, and favorable proficiency is 2/5."
CR06,DevOps Engineer,http://data.europa.eu/esco/skill/0a52bed5-fd29-45fb-aba6-e32bccfda1c1,plan migration to cloud,optional,0.0565,1,2,"plan migration to cloud is a supporting skill for this role, helpful but not central based on the ranking signal. Minimum acceptable proficiency is 1/5, and favorable proficiency is 2/5."
CR06,DevOps Engineer,http://data.europa.eu/esco/skill/d0c6d77e-cb25-4770-bf77-2073fc5f7523,ICT infrastructure,essential,0.0522,2,3,"ICT infrastructure is a core skill for this role, helpful but not central based on the ranking signal. Minimum acceptable proficiency is 2/5, and favorable proficiency is 3/5."
CR06,DevOps Engineer,http://data.europa.eu/esco/skill/c7451027-8249-405a-bb1b-342ff0f3fb3b,Salt (tools for software configuration management),optional,0.0478,1,2,"Salt (tools for software configuration management) is a supporting skill for this role, helpful but not central based on the ranking signal. Minimum acceptable proficiency is 1/5, and favorable proficiency is 2/5."
CR06,DevOps Engineer,http://data.europa.eu/esco/skill/6014921e-1d25-4039-adc2-04852d61880e,ICT debugging tools,essential,0.0435,2,3,"ICT debugging tools is a core skill for this role, helpful but not central based on the ranking signal. Minimum acceptable proficiency is 2/5, and favorable proficiency is 3/5."
CR07,Site Reliability Engineer,http://data.europa.eu/esco/skill/ccd0a1d9-afda-43d9-b901-96344886e14d,Python (computer programming),optional,1.0,4,5,"Python (computer programming) is a supporting skill for this role, highly important and frequently demanded based on the ranking signal. Minimum acceptable proficiency is 4/5, and favorable proficiency is 5/5."
CR07,Site Reliability Engineer,http://data.europa.eu/esco/skill/19a8293b-8e95-4de3-983f-77484079c389,Java (computer programming),optional,0.531,2,3,"Java (computer programming) is a supporting skill for this role, useful and moderately important based on the ranking signal. Minimum acceptable proficiency is 2/5, and favorable proficiency is 3/5."
CR07,Site Reliability Engineer,http://data.europa.eu/esco/skill/51586df8-1c46-4b47-8583-773cb63bf00b,R,optional,0.5172,2,3,"R is a supporting skill for this role, useful and moderately important based on the ranking signal. Minimum acceptable proficiency is 2/5, and favorable proficiency is 3/5."
CR07,Site Reliability Engineer,http://data.europa.eu/esco/skill/6f8a40d6-f9ce-43ec-a72f-d4213a53f3ed,Ansible,optional,0.4621,1,2,"Ansible is a supporting skill for this role, helpful but not central based on the ranking signal. Minimum acceptable proficiency is 1/5, and favorable proficiency is 2/5."
CR07,Site Reliability Engineer,http://data.europa.eu/esco/skill/f47a1998-0beb-43be-9f46-380aa4d183da,Jenkins (tools for software configuration management),optional,0.331,1,2,"Jenkins (tools for software configuration management) is a supporting skill for this role, helpful but not central based on the ranking signal. Minimum acceptable proficiency is 1/5, and favorable proficiency is 2/5."
CR07,Site Reliability Engineer,http://data.europa.eu/esco/skill/0ccdfe98-f845-4598-84a1-3dca66e9d9a3,Ruby (computer programming),optional,0.2069,1,2,"Ruby (computer programming) is a supporting skill for this role, helpful but not central based on the ranking signal. Minimum acceptable proficiency is 1/5, and favorable proficiency is 2/5."
CR07,Site Reliability Engineer,http://data.europa.eu/esco/skill/6417a4cc-6f61-4459-a114-761a7fa0279d,Puppet (tools for software configuration management),optional,0.1931,1,2,"Puppet (tools for software configuration management) is a supporting skill for this role, helpful but not central based on the ranking signal. Minimum acceptable proficiency is 1/5, and favorable proficiency is 2/5."
CR07,Site Reliability Engineer,http://data.europa.eu/esco/skill/8efa6a7a-6556-4cb8-908d-59d3b5c58d2f,cloud monitoring and reporting,optional,0.1931,1,2,"cloud monitoring and reporting is a supporting skill for this role, helpful but not central based on the ranking signal. Minimum acceptable proficiency is 1/5, and favorable proficiency is 2/5."
CR07,Site Reliability Engineer,http://data.europa.eu/esco/skill/3cd569a2-4f88-4c1e-9995-8dce8c5e51a7,JavaScript,optional,0.1724,1,2,"JavaScript is a supporting skill for this role, helpful but not central based on the ranking signal. Minimum acceptable proficiency is 1/5, and favorable proficiency is 2/5."
CR07,Site Reliability Engineer,http://data.europa.eu/esco/skill/4350c38d-0fe9-4ca7-bab9-40ed7f72b04f,PHP,optional,0.1655,1,2,"PHP is a supporting skill for this role, helpful but not central based on the ranking signal. Minimum acceptable proficiency is 1/5, and favorable proficiency is 2/5."
CR07,Site Reliability Engineer,http://data.europa.eu/esco/skill/4c016b68-4116-468c-9dc6-42710c239e4a,C#,optional,0.131,1,2,"C# is a supporting skill for this role, helpful but not central based on the ranking signal. Minimum acceptable proficiency is 1/5, and favorable proficiency is 2/5."
CR07,Site Reliability Engineer,http://data.europa.eu/esco/skill/ffddfc7c-a9dd-449f-9e96-882dc447c8b6,Scala,optional,0.1172,1,2,"Scala is a supporting skill for this role, helpful but not central based on the ranking signal. Minimum acceptable proficiency is 1/5, and favorable proficiency is 2/5."
CR07,Site Reliability Engineer,http://data.europa.eu/esco/skill/867137fb-ff1b-4ca3-99f3-cb6969aa2c68,TypeScript,optional,0.1172,1,2,"TypeScript is a supporting skill for this role, helpful but not central based on the ranking signal. Minimum acceptable proficiency is 1/5, and favorable proficiency is 2/5."
CR07,Site Reliability Engineer,http://data.europa.eu/esco/skill/d0c6d77e-cb25-4770-bf77-2073fc5f7523,ICT infrastructure,essential,0.1103,2,3,"ICT infrastructure is a core skill for this role, helpful but not central based on the ranking signal. Minimum acceptable proficiency is 2/5, and favorable proficiency is 3/5."
CR07,Site Reliability Engineer,http://data.europa.eu/esco/skill/04f1b938-d4d4-4cb1-a863-982af76b9d93,SAS language,optional,0.0966,1,2,"SAS language is a supporting skill for this role, helpful but not central based on the ranking signal. Minimum acceptable proficiency is 1/5, and favorable proficiency is 2/5."
CR07,Site Reliability Engineer,http://data.europa.eu/esco/skill/0d168770-4d9c-4096-b048-a6577818d306,Apache Maven,optional,0.0828,1,2,"Apache Maven is a supporting skill for this role, helpful but not central based on the ranking signal. Minimum acceptable proficiency is 1/5, and favorable proficiency is 2/5."
CR07,Site Reliability Engineer,http://data.europa.eu/esco/skill/b633eb55-8f1f-4ae6-ab4c-2022ffe2cb7f,C++,optional,0.069,1,2,"C++ is a supporting skill for this role, helpful but not central based on the ranking signal. Minimum acceptable proficiency is 1/5, and favorable proficiency is 2/5."
CR07,Site Reliability Engineer,http://data.europa.eu/esco/skill/a4d336a6-9ffd-402a-91cc-f359716ba4e0,ML (computer programming),optional,0.069,1,2,"ML (computer programming) is a supporting skill for this role, helpful but not central based on the ranking signal. Minimum acceptable proficiency is 1/5, and favorable proficiency is 2/5."
CR07,Site Reliability Engineer,http://data.europa.eu/esco/skill/545c80e8-7ab2-42fe-af64-242211e94709,analyse network configuration and performance,essential,0.069,2,3,"analyse network configuration and performance is a core skill for this role, helpful but not central based on the ranking signal. Minimum acceptable proficiency is 2/5, and favorable proficiency is 3/5."
CR07,Site Reliability Engineer,http://data.europa.eu/esco/skill/6014921e-1d25-4039-adc2-04852d61880e,ICT debugging tools,essential,0.0552,2,3,"ICT debugging tools is a core skill for this role, helpful but not central based on the ranking signal. Minimum acceptable proficiency is 2/5, and favorable proficiency is 3/5."
CR08,Cloud Engineer,http://data.europa.eu/esco/skill/ccd0a1d9-afda-43d9-b901-96344886e14d,Python (computer programming),optional,1.0,4,5,"Python (computer programming) is a supporting skill for this role, highly important and frequently demanded based on the ranking signal. Minimum acceptable proficiency is 4/5, and favorable proficiency is 5/5."
CR08,Cloud Engineer,http://data.europa.eu/esco/skill/51586df8-1c46-4b47-8583-773cb63bf00b,R,optional,0.8353,3,4,"R is a supporting skill for this role, important and commonly expected based on the ranking signal. Minimum acceptable proficiency is 3/5, and favorable proficiency is 4/5."
CR08,Cloud Engineer,http://data.europa.eu/esco/skill/19a8293b-8e95-4de3-983f-77484079c389,Java (computer programming),optional,0.5341,2,3,"Java (computer programming) is a supporting skill for this role, useful and moderately important based on the ranking signal. Minimum acceptable proficiency is 2/5, and favorable proficiency is 3/5."
CR08,Cloud Engineer,http://data.europa.eu/esco/skill/f47a1998-0beb-43be-9f46-380aa4d183da,Jenkins (tools for software configuration management),optional,0.51,2,3,"Jenkins (tools for software configuration management) is a supporting skill for this role, useful and moderately important based on the ranking signal. Minimum acceptable proficiency is 2/5, and favorable proficiency is 3/5."
CR08,Cloud Engineer,http://data.europa.eu/esco/skill/6f8a40d6-f9ce-43ec-a72f-d4213a53f3ed,Ansible,optional,0.4056,1,2,"Ansible is a supporting skill for this role, helpful but not central based on the ranking signal. Minimum acceptable proficiency is 1/5, and favorable proficiency is 2/5."
CR08,Cloud Engineer,http://data.europa.eu/esco/skill/8efa6a7a-6556-4cb8-908d-59d3b5c58d2f,cloud monitoring and reporting,essential,0.4056,2,3,"cloud monitoring and reporting is a core skill for this role, helpful but not central based on the ranking signal. Minimum acceptable proficiency is 2/5, and favorable proficiency is 3/5."
CR08,Cloud Engineer,http://data.europa.eu/esco/skill/1c2978b8-bb0d-4249-9c23-877571a4dffa,cloud security and compliance,essential,0.249,2,3,"cloud security and compliance is a core skill for this role, helpful but not central based on the ranking signal. Minimum acceptable proficiency is 2/5, and favorable proficiency is 3/5."
CR08,Cloud Engineer,http://data.europa.eu/esco/skill/11430d93-c835-48ed-8e70-285fa69c9ae6,design cloud architecture,essential,0.2008,2,3,"design cloud architecture is a core skill for this role, helpful but not central based on the ranking signal. Minimum acceptable proficiency is 2/5, and favorable proficiency is 3/5."
CR08,Cloud Engineer,http://data.europa.eu/esco/skill/04f1b938-d4d4-4cb1-a863-982af76b9d93,SAS language,optional,0.1847,1,2,"SAS language is a supporting skill for this role, helpful but not central based on the ranking signal. Minimum acceptable proficiency is 1/5, and favorable proficiency is 2/5."
CR08,Cloud Engineer,http://data.europa.eu/esco/skill/418a56a2-7cfc-4b6d-8cf5-5c2add99a849,provide ICT system training,optional,0.1647,1,2,"provide ICT system training is a supporting skill for this role, helpful but not central based on the ranking signal. Minimum acceptable proficiency is 1/5, and favorable proficiency is 2/5."
CR08,Cloud Engineer,http://data.europa.eu/esco/skill/3cd569a2-4f88-4c1e-9995-8dce8c5e51a7,JavaScript,optional,0.1606,1,2,"JavaScript is a supporting skill for this role, helpful but not central based on the ranking signal. Minimum acceptable proficiency is 1/5, and favorable proficiency is 2/5."
CR08,Cloud Engineer,http://data.europa.eu/esco/skill/48db96bf-3314-45c6-bad8-fdb6e20e5639,data engineering,optional,0.1606,1,2,"data engineering is a supporting skill for this role, helpful but not central based on the ranking signal. Minimum acceptable proficiency is 1/5, and favorable proficiency is 2/5."
CR08,Cloud Engineer,http://data.europa.eu/esco/skill/4c016b68-4116-468c-9dc6-42710c239e4a,C#,optional,0.1365,1,2,"C# is a supporting skill for this role, helpful but not central based on the ranking signal. Minimum acceptable proficiency is 1/5, and favorable proficiency is 2/5."
CR08,Cloud Engineer,http://data.europa.eu/esco/skill/b633eb55-8f1f-4ae6-ab4c-2022ffe2cb7f,C++,optional,0.1084,1,2,"C++ is a supporting skill for this role, helpful but not central based on the ranking signal. Minimum acceptable proficiency is 1/5, and favorable proficiency is 2/5."
CR08,Cloud Engineer,http://data.europa.eu/esco/skill/ffddfc7c-a9dd-449f-9e96-882dc447c8b6,Scala,optional,0.1044,1,2,"Scala is a supporting skill for this role, helpful but not central based on the ranking signal. Minimum acceptable proficiency is 1/5, and favorable proficiency is 2/5."
CR08,Cloud Engineer,http://data.europa.eu/esco/skill/d0c6d77e-cb25-4770-bf77-2073fc5f7523,ICT infrastructure,essential,0.0924,2,3,"ICT infrastructure is a core skill for this role, helpful but not central based on the ranking signal. Minimum acceptable proficiency is 2/5, and favorable proficiency is 3/5."
CR08,Cloud Engineer,http://data.europa.eu/esco/skill/6b643893-0a1f-4f6c-83a1-e7eef75849b9,develop with cloud services,essential,0.0924,2,3,"develop with cloud services is a core skill for this role, helpful but not central based on the ranking signal. Minimum acceptable proficiency is 2/5, and favorable proficiency is 3/5."
CR08,Cloud Engineer,http://data.europa.eu/esco/skill/6417a4cc-6f61-4459-a114-761a7fa0279d,Puppet (tools for software configuration management),optional,0.0884,1,2,"Puppet (tools for software configuration management) is a supporting skill for this role, helpful but not central based on the ranking signal. Minimum acceptable proficiency is 1/5, and favorable proficiency is 2/5."
CR08,Cloud Engineer,http://data.europa.eu/esco/skill/8088750d-8388-4170-a76f-48354c469c44,cyber security,essential,0.0884,2,3,"cyber security is a core skill for this role, helpful but not central based on the ranking signal. Minimum acceptable proficiency is 2/5, and favorable proficiency is 3/5."
CR08,Cloud Engineer,http://data.europa.eu/esco/skill/0ccdfe98-f845-4598-84a1-3dca66e9d9a3,Ruby (computer programming),optional,0.0843,1,2,"Ruby (computer programming) is a supporting skill for this role, helpful but not central based on the ranking signal. Minimum acceptable proficiency is 1/5, and favorable proficiency is 2/5."
CR09,Security Engineer,http://data.europa.eu/esco/skill/8088750d-8388-4170-a76f-48354c469c44,cyber security,essential,1.0,5,5,"cyber security is a core skill for this role, highly important and frequently demanded based on the ranking signal. Minimum acceptable proficiency is 5/5, and favorable proficiency is 5/5."
CR09,Security Engineer,http://data.europa.eu/esco/skill/ccd0a1d9-afda-43d9-b901-96344886e14d,Python (computer programming),optional,0.9148,4,5,"Python (computer programming) is a supporting skill for this role, highly important and frequently demanded based on the ranking signal. Minimum acceptable proficiency is 4/5, and favorable proficiency is 5/5."
CR09,Security Engineer,http://data.europa.eu/esco/skill/2ddb1226-1117-4eb4-ae65-3a2f5a5a3c80,ICT network security risks,essential,0.7175,4,5,"ICT network security risks is a core skill for this role, important and commonly expected based on the ranking signal. Minimum acceptable proficiency is 4/5, and favorable proficiency is 5/5."
CR09,Security Engineer,http://data.europa.eu/esco/skill/11eebd42-44ab-401d-8a2c-bdb9fc9beb50,information security strategy,essential,0.5471,3,4,"information security strategy is a core skill for this role, useful and moderately important based on the ranking signal. Minimum acceptable proficiency is 3/5, and favorable proficiency is 4/5."
CR09,Security Engineer,http://data.europa.eu/esco/skill/1c2978b8-bb0d-4249-9c23-877571a4dffa,cloud security and compliance,optional,0.5112,2,3,"cloud security and compliance is a supporting skill for this role, useful and moderately important based on the ranking signal. Minimum acceptable proficiency is 2/5, and favorable proficiency is 3/5."
CR09,Security Engineer,http://data.europa.eu/esco/skill/51586df8-1c46-4b47-8583-773cb63bf00b,R,optional,0.4978,1,2,"R is a supporting skill for this role, helpful but not central based on the ranking signal. Minimum acceptable proficiency is 1/5, and favorable proficiency is 2/5."
CR09,Security Engineer,http://data.europa.eu/esco/skill/de586dcf-d7e5-4340-bf5b-d59026f1b436,penetration testing tool,essential,0.4215,2,3,"penetration testing tool is a core skill for this role, helpful but not central based on the ranking signal. Minimum acceptable proficiency is 2/5, and favorable proficiency is 3/5."
CR09,Security Engineer,http://data.europa.eu/esco/skill/d32db06e-bd06-4415-a7ab-1b0ee68caa9a,ICT encryption,optional,0.3991,1,2,"ICT encryption is a supporting skill for this role, helpful but not central based on the ranking signal. Minimum acceptable proficiency is 1/5, and favorable proficiency is 2/5."
CR09,Security Engineer,http://data.europa.eu/esco/skill/6eff134b-e34f-4d6e-a6e8-5e47cf2228d0,risk management,essential,0.3812,2,3,"risk management is a core skill for this role, helpful but not central based on the ranking signal. Minimum acceptable proficiency is 2/5, and favorable proficiency is 3/5."
CR09,Security Engineer,http://data.europa.eu/esco/skill/f9e788df-d68a-4f92-92c7-80e135fc35ff,ICT networking hardware,essential,0.3408,2,3,"ICT networking hardware is a core skill for this role, helpful but not central based on the ranking signal. Minimum acceptable proficiency is 2/5, and favorable proficiency is 3/5."
CR09,Security Engineer,http://data.europa.eu/esco/skill/06358891-8424-43c5-891e-d40f226bef40,manage IT security compliances,essential,0.3229,2,3,"manage IT security compliances is a core skill for this role, helpful but not central based on the ranking signal. Minimum acceptable proficiency is 2/5, and favorable proficiency is 3/5."
CR09,Security Engineer,http://data.europa.eu/esco/skill/6f1edc19-191f-4ba5-a048-ee69aff05bab,security engineering,essential,0.296,2,3,"security engineering is a core skill for this role, helpful but not central based on the ranking signal. Minimum acceptable proficiency is 2/5, and favorable proficiency is 3/5."
CR09,Security Engineer,http://data.europa.eu/esco/skill/19a8293b-8e95-4de3-983f-77484079c389,Java (computer programming),optional,0.2556,1,2,"Java (computer programming) is a supporting skill for this role, helpful but not central based on the ranking signal. Minimum acceptable proficiency is 1/5, and favorable proficiency is 2/5."
CR09,Security Engineer,http://data.europa.eu/esco/skill/8efa6a7a-6556-4cb8-908d-59d3b5c58d2f,cloud monitoring and reporting,optional,0.2466,1,2,"cloud monitoring and reporting is a supporting skill for this role, helpful but not central based on the ranking signal. Minimum acceptable proficiency is 1/5, and favorable proficiency is 2/5."
CR09,Security Engineer,http://data.europa.eu/esco/skill/902fb91c-3113-4004-9b4f-79aa86b638b7,web application security threats,essential,0.2242,2,3,"web application security threats is a core skill for this role, helpful but not central based on the ranking signal. Minimum acceptable proficiency is 2/5, and favorable proficiency is 3/5."
CR09,Security Engineer,http://data.europa.eu/esco/skill/37bc4dc0-1233-4008-98db-1116d0c1cfcc,define security policies,optional,0.1973,1,2,"define security policies is a supporting skill for this role, helpful but not central based on the ranking signal. Minimum acceptable proficiency is 1/5, and favorable proficiency is 2/5."
CR09,Security Engineer,http://data.europa.eu/esco/skill/ae4f0cc6-e0b9-47f5-bdca-2fc2e6316dce,manage ICT virtualisation environments,optional,0.1839,1,2,"manage ICT virtualisation environments is a supporting skill for this role, helpful but not central based on the ranking signal. Minimum acceptable proficiency is 1/5, and favorable proficiency is 2/5."
CR09,Security Engineer,http://data.europa.eu/esco/skill/3cd569a2-4f88-4c1e-9995-8dce8c5e51a7,JavaScript,optional,0.1704,1,2,"JavaScript is a supporting skill for this role, helpful but not central based on the ranking signal. Minimum acceptable proficiency is 1/5, and favorable proficiency is 2/5."
CR09,Security Engineer,http://data.europa.eu/esco/skill/04f1b938-d4d4-4cb1-a863-982af76b9d93,SAS language,optional,0.1614,1,2,"SAS language is a supporting skill for this role, helpful but not central based on the ranking signal. Minimum acceptable proficiency is 1/5, and favorable proficiency is 2/5."
CR09,Security Engineer,http://data.europa.eu/esco/skill/b633eb55-8f1f-4ae6-ab4c-2022ffe2cb7f,C++,optional,0.157,1,2,"C++ is a supporting skill for this role, helpful but not central based on the ranking signal. Minimum acceptable proficiency is 1/5, and favorable proficiency is 2/5."
CR10,QA Automation Engineer,http://data.europa.eu/esco/skill/7557f0f4-b8bc-4ac0-b91e-222ab1ba744f,tools for ICT test automation,optional,1.0,4,5,"tools for ICT test automation is a supporting skill for this role, highly important and frequently demanded based on the ranking signal. Minimum acceptable proficiency is 4/5, and favorable proficiency is 5/5."
CR10,QA Automation Engineer,http://data.europa.eu/esco/skill/5d74614d-32c8-4ca4-9818-6980e52424b1,plan software testing,essential,0.9322,5,5,"plan software testing is a core skill for this role, highly important and frequently demanded based on the ranking signal. Minimum acceptable proficiency is 5/5, and favorable proficiency is 5/5."
CR10,QA Automation Engineer,http://data.europa.eu/esco/skill/0a9acb6b-1139-4be9-b431-3a80a959f2f4,Agile project management,optional,0.9153,4,5,"Agile project management is a supporting skill for this role, highly important and frequently demanded based on the ranking signal. Minimum acceptable proficiency is 4/5, and favorable proficiency is 5/5."
CR10,QA Automation Engineer,http://data.europa.eu/esco/skill/f4a85869-1855-45d5-a43c-7ee8cd451996,perform ICT security testing,essential,0.5593,3,4,"perform ICT security testing is a core skill for this role, useful and moderately important based on the ranking signal. Minimum acceptable proficiency is 3/5, and favorable proficiency is 4/5."
CR10,QA Automation Engineer,http://data.europa.eu/esco/skill/85f46538-ae70-498a-bfbc-b8ddafe96c7d,levels of software testing,essential,0.4407,2,3,"levels of software testing is a core skill for this role, helpful but not central based on the ranking signal. Minimum acceptable proficiency is 2/5, and favorable proficiency is 3/5."
CR10,QA Automation Engineer,http://data.europa.eu/esco/skill/78a74fd1-efc6-49dc-adb1-1b0fbe35c22c,provide software testing documentation,essential,0.339,2,3,"provide software testing documentation is a core skill for this role, helpful but not central based on the ranking signal. Minimum acceptable proficiency is 2/5, and favorable proficiency is 3/5."
CR10,QA Automation Engineer,http://data.europa.eu/esco/skill/22b8039c-c890-4610-9228-5527e3b98f12,set quality assurance objectives,essential,0.322,2,3,"set quality assurance objectives is a core skill for this role, helpful but not central based on the ranking signal. Minimum acceptable proficiency is 2/5, and favorable proficiency is 3/5."
CR10,QA Automation Engineer,http://data.europa.eu/esco/skill/6014921e-1d25-4039-adc2-04852d61880e,ICT debugging tools,optional,0.2203,1,2,"ICT debugging tools is a supporting skill for this role, helpful but not central based on the ranking signal. Minimum acceptable proficiency is 1/5, and favorable proficiency is 2/5."
CR10,QA Automation Engineer,http://data.europa.eu/esco/skill/ce354460-500e-4eaa-8e95-8f243fcea3db,manage system testing,essential,0.1017,2,3,"manage system testing is a core skill for this role, helpful but not central based on the ranking signal. Minimum acceptable proficiency is 2/5, and favorable proficiency is 3/5."
CR10,QA Automation Engineer,http://data.europa.eu/esco/skill/5ef0c719-5bcb-49f8-b8eb-824388225333,use scripting programming,optional,0.1017,1,2,"use scripting programming is a supporting skill for this role, helpful but not central based on the ranking signal. Minimum acceptable proficiency is 1/5, and favorable proficiency is 2/5."
CR10,QA Automation Engineer,http://data.europa.eu/esco/skill/da6393d5-a53c-4863-abc7-51f36281d74e,lean project management,optional,0.0678,1,2,"lean project management is a supporting skill for this role, helpful but not central based on the ranking signal. Minimum acceptable proficiency is 1/5, and favorable proficiency is 2/5."
CR10,QA Automation Engineer,http://data.europa.eu/esco/skill/be0ff6d8-5e61-4021-9c89-e40cf0b75cc6,measure software usability,optional,0.0508,1,2,"measure software usability is a supporting skill for this role, helpful but not central based on the ranking signal. Minimum acceptable proficiency is 1/5, and favorable proficiency is 2/5."
CR10,QA Automation Engineer,http://data.europa.eu/esco/skill/438ff259-d086-4004-acda-1ec3e1631bc6,software anomalies,essential,0.0508,2,3,"software anomalies is a core skill for this role, helpful but not central based on the ranking signal. Minimum acceptable proficiency is 2/5, and favorable proficiency is 3/5."
CR10,QA Automation Engineer,http://data.europa.eu/esco/skill/6fa1c2c0-a012-4ca0-9642-e01569ba322c,ICT system integration,optional,0.0339,1,2,"ICT system integration is a supporting skill for this role, helpful but not central based on the ranking signal. Minimum acceptable proficiency is 1/5, and favorable proficiency is 2/5."
CR10,QA Automation Engineer,http://data.europa.eu/esco/skill/382c11ed-20d5-4ae7-b60e-15fec527fa6c,apply statistical analysis techniques,optional,0.0339,1,2,"apply statistical analysis techniques is a supporting skill for this role, helpful but not central based on the ranking signal. Minimum acceptable proficiency is 1/5, and favorable proficiency is 2/5."
CR10,QA Automation Engineer,http://data.europa.eu/esco/skill/3ce1fe19-7f9e-4070-941d-651673a5693b,decision support systems,optional,0.0339,1,2,"decision support systems is a supporting skill for this role, helpful but not central based on the ranking signal. Minimum acceptable proficiency is 1/5, and favorable proficiency is 2/5."
CR10,QA Automation Engineer,http://data.europa.eu/esco/skill/b9f16465-56a9-426b-a047-0f9f1f95ec92,address problems critically,essential,0.0,2,3,"address problems critically is a core skill for this role, helpful but not central based on the ranking signal. Minimum acceptable proficiency is 2/5, and favorable proficiency is 3/5."
CR10,QA Automation Engineer,http://data.europa.eu/esco/skill/7253d98c-4a6d-4e37-8b6c-accca9f4b639,develop ICT test suite,essential,0.0,2,3,"develop ICT test suite is a core skill for this role, helpful but not central based on the ranking signal. Minimum acceptable proficiency is 2/5, and favorable proficiency is 3/5."
CR10,QA Automation Engineer,http://data.europa.eu/esco/skill/913e7e83-b8f8-4574-b1ca-1b38f3fd974a,execute software tests,essential,0.0,2,3,"execute software tests is a core skill for this role, helpful but not central based on the ranking signal. Minimum acceptable proficiency is 2/5, and favorable proficiency is 3/5."
CR10,QA Automation Engineer,http://data.europa.eu/esco/skill/eb3aa8c1-fb14-47b4-a352-b7975abd2480,replicate customer software issues,essential,0.0,2,3,"replicate customer software issues is a core skill for this role, helpful but not central based on the ranking signal. Minimum acceptable proficiency is 2/5, and favorable proficiency is 3/5."
CR11,Machine Learning Engineer,http://data.europa.eu/esco/skill/ccd0a1d9-afda-43d9-b901-96344886e14d,Python (computer programming),optional,1.0,4,5,"Python (computer programming) is a supporting skill for this role, highly important and frequently demanded based on the ranking signal. Minimum acceptable proficiency is 4/5, and favorable proficiency is 5/5."
CR11,Machine Learning Engineer,http://data.europa.eu/esco/skill/8369c2d6-c100-4cf6-bd83-9668d8678433,utilise machine learning,optional,0.8514,4,5,"utilise machine learning is a supporting skill for this role, highly important and frequently demanded based on the ranking signal. Minimum acceptable proficiency is 4/5, and favorable proficiency is 5/5."
CR11,Machine Learning Engineer,http://data.europa.eu/esco/skill/51586df8-1c46-4b47-8583-773cb63bf00b,R,optional,0.5499,2,3,"R is a supporting skill for this role, useful and moderately important based on the ranking signal. Minimum acceptable proficiency is 2/5, and favorable proficiency is 3/5."
CR11,Machine Learning Engineer,http://data.europa.eu/esco/skill/19a8293b-8e95-4de3-983f-77484079c389,Java (computer programming),optional,0.3259,1,2,"Java (computer programming) is a supporting skill for this role, helpful but not central based on the ranking signal. Minimum acceptable proficiency is 1/5, and favorable proficiency is 2/5."
CR11,Machine Learning Engineer,http://data.europa.eu/esco/skill/ffddfc7c-a9dd-449f-9e96-882dc447c8b6,Scala,optional,0.2727,1,2,"Scala is a supporting skill for this role, helpful but not central based on the ranking signal. Minimum acceptable proficiency is 1/5, and favorable proficiency is 2/5."
CR11,Machine Learning Engineer,http://data.europa.eu/esco/skill/48db96bf-3314-45c6-bad8-fdb6e20e5639,data engineering,optional,0.2705,1,2,"data engineering is a supporting skill for this role, helpful but not central based on the ranking signal. Minimum acceptable proficiency is 1/5, and favorable proficiency is 2/5."
CR11,Machine Learning Engineer,http://data.europa.eu/esco/skill/af7ae54f-4649-4c16-87c7-59ba41d4d57f,SPARK,optional,0.2483,1,2,"SPARK is a supporting skill for this role, helpful but not central based on the ranking signal. Minimum acceptable proficiency is 1/5, and favorable proficiency is 2/5."
CR11,Machine Learning Engineer,http://data.europa.eu/esco/skill/598de5b0-5b58-4ea7-8058-a4bc4d18c742,SQL,optional,0.2062,1,2,"SQL is a supporting skill for this role, helpful but not central based on the ranking signal. Minimum acceptable proficiency is 1/5, and favorable proficiency is 2/5."
CR11,Machine Learning Engineer,http://data.europa.eu/esco/skill/04f1b938-d4d4-4cb1-a863-982af76b9d93,SAS language,optional,0.1929,1,2,"SAS language is a supporting skill for this role, helpful but not central based on the ranking signal. Minimum acceptable proficiency is 1/5, and favorable proficiency is 2/5."
CR11,Machine Learning Engineer,http://data.europa.eu/esco/skill/a4d336a6-9ffd-402a-91cc-f359716ba4e0,ML (computer programming),optional,0.1863,1,2,"ML (computer programming) is a supporting skill for this role, helpful but not central based on the ranking signal. Minimum acceptable proficiency is 1/5, and favorable proficiency is 2/5."
CR11,Machine Learning Engineer,http://data.europa.eu/esco/skill/edebd83d-35f6-4ed5-a940-6c203d178c01,data science,essential,0.1774,2,3,"data science is a core skill for this role, helpful but not central based on the ranking signal. Minimum acceptable proficiency is 2/5, and favorable proficiency is 3/5."
CR11,Machine Learning Engineer,http://data.europa.eu/esco/skill/172020d1-e151-445b-8173-e2a5fb16fe51,utilise computer-aided software engineering tools,essential,0.1242,2,3,"utilise computer-aided software engineering tools is a core skill for this role, helpful but not central based on the ranking signal. Minimum acceptable proficiency is 2/5, and favorable proficiency is 3/5."
CR11,Machine Learning Engineer,http://data.europa.eu/esco/skill/b633eb55-8f1f-4ae6-ab4c-2022ffe2cb7f,C++,optional,0.1086,1,2,"C++ is a supporting skill for this role, helpful but not central based on the ranking signal. Minimum acceptable proficiency is 1/5, and favorable proficiency is 2/5."
CR11,Machine Learning Engineer,http://data.europa.eu/esco/skill/07dd856d-6141-48a7-a228-918f88494812,create prototype of user experience solutions,essential,0.0953,2,3,"create prototype of user experience solutions is a core skill for this role, helpful but not central based on the ranking signal. Minimum acceptable proficiency is 2/5, and favorable proficiency is 3/5."
CR11,Machine Learning Engineer,http://data.europa.eu/esco/skill/4754d9fe-dc3a-4f8f-8ea6-5dbcea3a21ca,develop computer vision system,optional,0.0843,1,2,"develop computer vision system is a supporting skill for this role, helpful but not central based on the ranking signal. Minimum acceptable proficiency is 1/5, and favorable proficiency is 2/5."
CR11,Machine Learning Engineer,http://data.europa.eu/esco/skill/f47a1998-0beb-43be-9f46-380aa4d183da,Jenkins (tools for software configuration management),optional,0.0576,1,2,"Jenkins (tools for software configuration management) is a supporting skill for this role, helpful but not central based on the ranking signal. Minimum acceptable proficiency is 1/5, and favorable proficiency is 2/5."
CR11,Machine Learning Engineer,http://data.europa.eu/esco/skill/76ef6ed3-1658-4a1a-9593-204d799c6d0c,NoSQL,optional,0.0554,1,2,"NoSQL is a supporting skill for this role, helpful but not central based on the ranking signal. Minimum acceptable proficiency is 1/5, and favorable proficiency is 2/5."
CR11,Machine Learning Engineer,http://data.europa.eu/esco/skill/6f8a40d6-f9ce-43ec-a72f-d4213a53f3ed,Ansible,optional,0.0532,1,2,"Ansible is a supporting skill for this role, helpful but not central based on the ranking signal. Minimum acceptable proficiency is 1/5, and favorable proficiency is 2/5."
CR11,Machine Learning Engineer,http://data.europa.eu/esco/skill/08b04e53-ed25-41a2-9f90-0b9cd939ba3d,manage research data,essential,0.0532,2,3,"manage research data is a core skill for this role, helpful but not central based on the ranking signal. Minimum acceptable proficiency is 2/5, and favorable proficiency is 3/5."
CR11,Machine Learning Engineer,http://data.europa.eu/esco/skill/71746a0b-e58d-4dc4-ad03-bd84082eae21,collect customer feedback on applications,optional,0.051,1,2,"collect customer feedback on applications is a supporting skill for this role, helpful but not central based on the ranking signal. Minimum acceptable proficiency is 1/5, and favorable proficiency is 2/5."
CR12,AI Engineer,http://data.europa.eu/esco/skill/ccd0a1d9-afda-43d9-b901-96344886e14d,Python (computer programming),optional,1.0,4,5,"Python (computer programming) is a supporting skill for this role, highly important and frequently demanded based on the ranking signal. Minimum acceptable proficiency is 4/5, and favorable proficiency is 5/5."
CR12,AI Engineer,http://data.europa.eu/esco/skill/19a8293b-8e95-4de3-983f-77484079c389,Java (computer programming),optional,0.7344,3,4,"Java (computer programming) is a supporting skill for this role, important and commonly expected based on the ranking signal. Minimum acceptable proficiency is 3/5, and favorable proficiency is 4/5."
CR12,AI Engineer,http://data.europa.eu/esco/skill/ffddfc7c-a9dd-449f-9e96-882dc447c8b6,Scala,optional,0.668,2,3,"Scala is a supporting skill for this role, useful and moderately important based on the ranking signal. Minimum acceptable proficiency is 2/5, and favorable proficiency is 3/5."
CR12,AI Engineer,http://data.europa.eu/esco/skill/8369c2d6-c100-4cf6-bd83-9668d8678433,utilise machine learning,optional,0.5145,2,3,"utilise machine learning is a supporting skill for this role, useful and moderately important based on the ranking signal. Minimum acceptable proficiency is 2/5, and favorable proficiency is 3/5."
CR12,AI Engineer,http://data.europa.eu/esco/skill/4754d9fe-dc3a-4f8f-8ea6-5dbcea3a21ca,develop computer vision system,optional,0.3859,1,2,"develop computer vision system is a supporting skill for this role, helpful but not central based on the ranking signal. Minimum acceptable proficiency is 1/5, and favorable proficiency is 2/5."
CR12,AI Engineer,http://data.europa.eu/esco/skill/edebd83d-35f6-4ed5-a940-6c203d178c01,data science,essential,0.1577,2,3,"data science is a core skill for this role, helpful but not central based on the ranking signal. Minimum acceptable proficiency is 2/5, and favorable proficiency is 3/5."
CR12,AI Engineer,http://data.europa.eu/esco/skill/51586df8-1c46-4b47-8583-773cb63bf00b,R,optional,0.1494,1,2,"R is a supporting skill for this role, helpful but not central based on the ranking signal. Minimum acceptable proficiency is 1/5, and favorable proficiency is 2/5."
CR12,AI Engineer,http://data.europa.eu/esco/skill/598de5b0-5b58-4ea7-8058-a4bc4d18c742,SQL,optional,0.0913,1,2,"SQL is a supporting skill for this role, helpful but not central based on the ranking signal. Minimum acceptable proficiency is 1/5, and favorable proficiency is 2/5."
CR12,AI Engineer,http://data.europa.eu/esco/skill/b633eb55-8f1f-4ae6-ab4c-2022ffe2cb7f,C++,optional,0.0664,1,2,"C++ is a supporting skill for this role, helpful but not central based on the ranking signal. Minimum acceptable proficiency is 1/5, and favorable proficiency is 2/5."
CR12,AI Engineer,http://data.europa.eu/esco/skill/04f1b938-d4d4-4cb1-a863-982af76b9d93,SAS language,optional,0.0622,1,2,"SAS language is a supporting skill for this role, helpful but not central based on the ranking signal. Minimum acceptable proficiency is 1/5, and favorable proficiency is 2/5."
CR12,AI Engineer,http://data.europa.eu/esco/skill/172020d1-e151-445b-8173-e2a5fb16fe51,utilise computer-aided software engineering tools,essential,0.0622,2,3,"utilise computer-aided software engineering tools is a core skill for this role, helpful but not central based on the ranking signal. Minimum acceptable proficiency is 2/5, and favorable proficiency is 3/5."
CR12,AI Engineer,http://data.europa.eu/esco/skill/af7ae54f-4649-4c16-87c7-59ba41d4d57f,SPARK,optional,0.0498,1,2,"SPARK is a supporting skill for this role, helpful but not central based on the ranking signal. Minimum acceptable proficiency is 1/5, and favorable proficiency is 2/5."
CR12,AI Engineer,http://data.europa.eu/esco/skill/a4d336a6-9ffd-402a-91cc-f359716ba4e0,ML (computer programming),optional,0.0373,1,2,"ML (computer programming) is a supporting skill for this role, helpful but not central based on the ranking signal. Minimum acceptable proficiency is 1/5, and favorable proficiency is 2/5."
CR12,AI Engineer,http://data.europa.eu/esco/skill/6f8a40d6-f9ce-43ec-a72f-d4213a53f3ed,Ansible,optional,0.0332,1,2,"Ansible is a supporting skill for this role, helpful but not central based on the ranking signal. Minimum acceptable proficiency is 1/5, and favorable proficiency is 2/5."
CR12,AI Engineer,http://data.europa.eu/esco/skill/3cd569a2-4f88-4c1e-9995-8dce8c5e51a7,JavaScript,optional,0.0332,1,2,"JavaScript is a supporting skill for this role, helpful but not central based on the ranking signal. Minimum acceptable proficiency is 1/5, and favorable proficiency is 2/5."
CR12,AI Engineer,http://data.europa.eu/esco/skill/0e0c9c11-b39e-43cf-ba95-2fe646f5de64,identify customer requirements,essential,0.0332,2,3,"identify customer requirements is a core skill for this role, helpful but not central based on the ranking signal. Minimum acceptable proficiency is 2/5, and favorable proficiency is 3/5."
CR12,AI Engineer,http://data.europa.eu/esco/skill/1605025e-a179-421f-8f35-5b07d182a6b2,web analytics,optional,0.0332,1,2,"web analytics is a supporting skill for this role, helpful but not central based on the ranking signal. Minimum acceptable proficiency is 1/5, and favorable proficiency is 2/5."
CR12,AI Engineer,http://data.europa.eu/esco/skill/76ef6ed3-1658-4a1a-9593-204d799c6d0c,NoSQL,optional,0.029,1,2,"NoSQL is a supporting skill for this role, helpful but not central based on the ranking signal. Minimum acceptable proficiency is 1/5, and favorable proficiency is 2/5."
CR12,AI Engineer,http://data.europa.eu/esco/skill/07dd856d-6141-48a7-a228-918f88494812,create prototype of user experience solutions,essential,0.029,2,3,"create prototype of user experience solutions is a core skill for this role, helpful but not central based on the ranking signal. Minimum acceptable proficiency is 2/5, and favorable proficiency is 3/5."
CR12,AI Engineer,http://data.europa.eu/esco/skill/08b04e53-ed25-41a2-9f90-0b9cd939ba3d,manage research data,essential,0.029,2,3,"manage research data is a core skill for this role, helpful but not central based on the ranking signal. Minimum acceptable proficiency is 2/5, and favorable proficiency is 3/5."
CR13,MLOps Engineer,http://data.europa.eu/esco/skill/ccd0a1d9-afda-43d9-b901-96344886e14d,Python (computer programming),optional,1.0,4,5,"Python (computer programming) is a supporting skill for this role, highly important and frequently demanded based on the ranking signal. Minimum acceptable proficiency is 4/5, and favorable proficiency is 5/5."
CR13,MLOps Engineer,http://data.europa.eu/esco/skill/a4d336a6-9ffd-402a-91cc-f359716ba4e0,ML (computer programming),optional,0.9195,4,5,"ML (computer programming) is a supporting skill for this role, highly important and frequently demanded based on the ranking signal. Minimum acceptable proficiency is 4/5, and favorable proficiency is 5/5."
CR13,MLOps Engineer,http://data.europa.eu/esco/skill/48db96bf-3314-45c6-bad8-fdb6e20e5639,data engineering,optional,0.9195,4,5,"data engineering is a supporting skill for this role, highly important and frequently demanded based on the ranking signal. Minimum acceptable proficiency is 4/5, and favorable proficiency is 5/5."
CR13,MLOps Engineer,http://data.europa.eu/esco/skill/51586df8-1c46-4b47-8583-773cb63bf00b,R,optional,0.8736,4,5,"R is a supporting skill for this role, highly important and frequently demanded based on the ranking signal. Minimum acceptable proficiency is 4/5, and favorable proficiency is 5/5."
CR13,MLOps Engineer,http://data.europa.eu/esco/skill/f47a1998-0beb-43be-9f46-380aa4d183da,Jenkins (tools for software configuration management),optional,0.4828,1,2,"Jenkins (tools for software configuration management) is a supporting skill for this role, helpful but not central based on the ranking signal. Minimum acceptable proficiency is 1/5, and favorable proficiency is 2/5."
CR13,MLOps Engineer,http://data.europa.eu/esco/skill/6f8a40d6-f9ce-43ec-a72f-d4213a53f3ed,Ansible,optional,0.3448,1,2,"Ansible is a supporting skill for this role, helpful but not central based on the ranking signal. Minimum acceptable proficiency is 1/5, and favorable proficiency is 2/5."
CR13,MLOps Engineer,http://data.europa.eu/esco/skill/19a8293b-8e95-4de3-983f-77484079c389,Java (computer programming),optional,0.2529,1,2,"Java (computer programming) is a supporting skill for this role, helpful but not central based on the ranking signal. Minimum acceptable proficiency is 1/5, and favorable proficiency is 2/5."
CR13,MLOps Engineer,http://data.europa.eu/esco/skill/04f1b938-d4d4-4cb1-a863-982af76b9d93,SAS language,optional,0.2184,1,2,"SAS language is a supporting skill for this role, helpful but not central based on the ranking signal. Minimum acceptable proficiency is 1/5, and favorable proficiency is 2/5."
CR13,MLOps Engineer,http://data.europa.eu/esco/skill/172020d1-e151-445b-8173-e2a5fb16fe51,utilise computer-aided software engineering tools,optional,0.1839,1,2,"utilise computer-aided software engineering tools is a supporting skill for this role, helpful but not central based on the ranking signal. Minimum acceptable proficiency is 1/5, and favorable proficiency is 2/5."
CR13,MLOps Engineer,http://data.europa.eu/esco/skill/8efa6a7a-6556-4cb8-908d-59d3b5c58d2f,cloud monitoring and reporting,essential,0.1609,2,3,"cloud monitoring and reporting is a core skill for this role, helpful but not central based on the ranking signal. Minimum acceptable proficiency is 2/5, and favorable proficiency is 3/5."
CR13,MLOps Engineer,http://data.europa.eu/esco/skill/ffddfc7c-a9dd-449f-9e96-882dc447c8b6,Scala,optional,0.1034,1,2,"Scala is a supporting skill for this role, helpful but not central based on the ranking signal. Minimum acceptable proficiency is 1/5, and favorable proficiency is 2/5."
CR13,MLOps Engineer,http://data.europa.eu/esco/skill/b633eb55-8f1f-4ae6-ab4c-2022ffe2cb7f,C++,optional,0.092,1,2,"C++ is a supporting skill for this role, helpful but not central based on the ranking signal. Minimum acceptable proficiency is 1/5, and favorable proficiency is 2/5."
CR13,MLOps Engineer,http://data.europa.eu/esco/skill/c7451027-8249-405a-bb1b-342ff0f3fb3b,Salt (tools for software configuration management),optional,0.092,1,2,"Salt (tools for software configuration management) is a supporting skill for this role, helpful but not central based on the ranking signal. Minimum acceptable proficiency is 1/5, and favorable proficiency is 2/5."
CR13,MLOps Engineer,http://data.europa.eu/esco/skill/3cd569a2-4f88-4c1e-9995-8dce8c5e51a7,JavaScript,optional,0.069,1,2,"JavaScript is a supporting skill for this role, helpful but not central based on the ranking signal. Minimum acceptable proficiency is 1/5, and favorable proficiency is 2/5."
CR13,MLOps Engineer,http://data.europa.eu/esco/skill/1c2978b8-bb0d-4249-9c23-877571a4dffa,cloud security and compliance,essential,0.069,2,3,"cloud security and compliance is a core skill for this role, helpful but not central based on the ranking signal. Minimum acceptable proficiency is 2/5, and favorable proficiency is 3/5."
CR13,MLOps Engineer,http://data.europa.eu/esco/skill/4c016b68-4116-468c-9dc6-42710c239e4a,C#,optional,0.0575,1,2,"C# is a supporting skill for this role, helpful but not central based on the ranking signal. Minimum acceptable proficiency is 1/5, and favorable proficiency is 2/5."
CR13,MLOps Engineer,http://data.europa.eu/esco/skill/d0c6d77e-cb25-4770-bf77-2073fc5f7523,ICT infrastructure,essential,0.0575,2,3,"ICT infrastructure is a core skill for this role, helpful but not central based on the ranking signal. Minimum acceptable proficiency is 2/5, and favorable proficiency is 3/5."
CR13,MLOps Engineer,http://data.europa.eu/esco/skill/0a52bed5-fd29-45fb-aba6-e32bccfda1c1,plan migration to cloud,essential,0.0575,2,3,"plan migration to cloud is a core skill for this role, helpful but not central based on the ranking signal. Minimum acceptable proficiency is 2/5, and favorable proficiency is 3/5."
CR13,MLOps Engineer,http://data.europa.eu/esco/skill/418a56a2-7cfc-4b6d-8cf5-5c2add99a849,provide ICT system training,optional,0.0575,1,2,"provide ICT system training is a supporting skill for this role, helpful but not central based on the ranking signal. Minimum acceptable proficiency is 1/5, and favorable proficiency is 2/5."
CR13,MLOps Engineer,http://data.europa.eu/esco/skill/11430d93-c835-48ed-8e70-285fa69c9ae6,design cloud architecture,essential,0.046,2,3,"design cloud architecture is a core skill for this role, helpful but not central based on the ranking signal. Minimum acceptable proficiency is 2/5, and favorable proficiency is 3/5."
CR14,Data Engineer,http://data.europa.eu/esco/skill/ccd0a1d9-afda-43d9-b901-96344886e14d,Python (computer programming),optional,1.0,4,5,"Python (computer programming) is a supporting skill for this role, highly important and frequently demanded based on the ranking signal. Minimum acceptable proficiency is 4/5, and favorable proficiency is 5/5."
CR14,Data Engineer,http://data.europa.eu/esco/skill/598de5b0-5b58-4ea7-8058-a4bc4d18c742,SQL,optional,0.876,4,5,"SQL is a supporting skill for this role, highly important and frequently demanded based on the ranking signal. Minimum acceptable proficiency is 4/5, and favorable proficiency is 5/5."
CR14,Data Engineer,http://data.europa.eu/esco/skill/19a8293b-8e95-4de3-983f-77484079c389,Java (computer programming),optional,0.5357,2,3,"Java (computer programming) is a supporting skill for this role, useful and moderately important based on the ranking signal. Minimum acceptable proficiency is 2/5, and favorable proficiency is 3/5."
CR14,Data Engineer,http://data.europa.eu/esco/skill/ffddfc7c-a9dd-449f-9e96-882dc447c8b6,Scala,optional,0.4846,1,2,"Scala is a supporting skill for this role, helpful but not central based on the ranking signal. Minimum acceptable proficiency is 1/5, and favorable proficiency is 2/5."
CR14,Data Engineer,http://data.europa.eu/esco/skill/48db96bf-3314-45c6-bad8-fdb6e20e5639,data engineering,optional,0.4603,1,2,"data engineering is a supporting skill for this role, helpful but not central based on the ranking signal. Minimum acceptable proficiency is 1/5, and favorable proficiency is 2/5."
CR14,Data Engineer,http://data.europa.eu/esco/skill/51586df8-1c46-4b47-8583-773cb63bf00b,R,optional,0.3096,1,2,"R is a supporting skill for this role, helpful but not central based on the ranking signal. Minimum acceptable proficiency is 1/5, and favorable proficiency is 2/5."
CR14,Data Engineer,http://data.europa.eu/esco/skill/0a9acb6b-1139-4be9-b431-3a80a959f2f4,Agile project management,optional,0.2885,1,2,"Agile project management is a supporting skill for this role, helpful but not central based on the ranking signal. Minimum acceptable proficiency is 1/5, and favorable proficiency is 2/5."
CR14,Data Engineer,http://data.europa.eu/esco/skill/4da171e5-779c-4983-a76f-91c16751e99f,MySQL,optional,0.2731,1,2,"MySQL is a supporting skill for this role, helpful but not central based on the ranking signal. Minimum acceptable proficiency is 1/5, and favorable proficiency is 2/5."
CR14,Data Engineer,http://data.europa.eu/esco/skill/fecf8a0d-62c4-4e71-9b03-0f4fc2ad7bf5,data models,optional,0.1945,1,2,"data models is a supporting skill for this role, helpful but not central based on the ranking signal. Minimum acceptable proficiency is 1/5, and favorable proficiency is 2/5."
CR14,Data Engineer,http://data.europa.eu/esco/skill/edebd83d-35f6-4ed5-a940-6c203d178c01,data science,optional,0.1329,1,2,"data science is a supporting skill for this role, helpful but not central based on the ranking signal. Minimum acceptable proficiency is 1/5, and favorable proficiency is 2/5."
CR14,Data Engineer,http://data.europa.eu/esco/skill/42c3287f-5e50-4559-a2d1-2000c70e0aab,Pentaho Data Integration,optional,0.1102,1,2,"Pentaho Data Integration is a supporting skill for this role, helpful but not central based on the ranking signal. Minimum acceptable proficiency is 1/5, and favorable proficiency is 2/5."
CR14,Data Engineer,http://data.europa.eu/esco/skill/7369f779-4b71-4aab-8836-48b69c676eec,operate relational database management system,essential,0.1013,2,3,"operate relational database management system is a core skill for this role, helpful but not central based on the ranking signal. Minimum acceptable proficiency is 2/5, and favorable proficiency is 3/5."
CR14,Data Engineer,http://data.europa.eu/esco/skill/c32ad607-0c4d-4e34-b73f-668298f7bf13,apply technical communication skills,optional,0.0916,1,2,"apply technical communication skills is a supporting skill for this role, helpful but not central based on the ranking signal. Minimum acceptable proficiency is 1/5, and favorable proficiency is 2/5."
CR14,Data Engineer,http://data.europa.eu/esco/skill/c062bab3-3ea0-4291-9220-a2d8fef4bead,SQL Server,optional,0.0867,1,2,"SQL Server is a supporting skill for this role, helpful but not central based on the ranking signal. Minimum acceptable proficiency is 1/5, and favorable proficiency is 2/5."
CR14,Data Engineer,http://data.europa.eu/esco/skill/e5a6e1e0-1b07-4432-83ba-77d593b2cb47,SAS Data Management,optional,0.077,1,2,"SAS Data Management is a supporting skill for this role, helpful but not central based on the ranking signal. Minimum acceptable proficiency is 1/5, and favorable proficiency is 2/5."
CR14,Data Engineer,http://data.europa.eu/esco/skill/23900e3d-06fa-424c-a5dc-c0ea42edde1e,Oracle Warehouse Builder,optional,0.0754,1,2,"Oracle Warehouse Builder is a supporting skill for this role, helpful but not central based on the ranking signal. Minimum acceptable proficiency is 1/5, and favorable proficiency is 2/5."
CR14,Data Engineer,http://data.europa.eu/esco/skill/a8d07b5a-c1a1-42c6-9d53-db9c7a2ca996,PostgreSQL,optional,0.0737,1,2,"PostgreSQL is a supporting skill for this role, helpful but not central based on the ranking signal. Minimum acceptable proficiency is 1/5, and favorable proficiency is 2/5."
CR14,Data Engineer,http://data.europa.eu/esco/skill/04f1b938-d4d4-4cb1-a863-982af76b9d93,SAS language,optional,0.0729,1,2,"SAS language is a supporting skill for this role, helpful but not central based on the ranking signal. Minimum acceptable proficiency is 1/5, and favorable proficiency is 2/5."
CR14,Data Engineer,http://data.europa.eu/esco/skill/43ae58b9-5e56-4524-b45a-b422777a0576,database,essential,0.0673,2,3,"database is a core skill for this role, helpful but not central based on the ranking signal. Minimum acceptable proficiency is 2/5, and favorable proficiency is 3/5."
CR14,Data Engineer,http://data.europa.eu/esco/skill/4463a721-69f3-413d-8321-43e3af13a4f1,use databases,essential,0.0656,2,3,"use databases is a core skill for this role, helpful but not central based on the ranking signal. Minimum acceptable proficiency is 2/5, and favorable proficiency is 3/5."
CR15,Data Scientist,http://data.europa.eu/esco/skill/ccd0a1d9-afda-43d9-b901-96344886e14d,Python (computer programming),optional,1.0,4,5,"Python (computer programming) is a supporting skill for this role, highly important and frequently demanded based on the ranking signal. Minimum acceptable proficiency is 4/5, and favorable proficiency is 5/5."
CR15,Data Scientist,http://data.europa.eu/esco/skill/edebd83d-35f6-4ed5-a940-6c203d178c01,data science,essential,0.7201,4,5,"data science is a core skill for this role, important and commonly expected based on the ranking signal. Minimum acceptable proficiency is 4/5, and favorable proficiency is 5/5."
CR15,Data Scientist,http://data.europa.eu/esco/skill/598de5b0-5b58-4ea7-8058-a4bc4d18c742,SQL,optional,0.706,3,4,"SQL is a supporting skill for this role, important and commonly expected based on the ranking signal. Minimum acceptable proficiency is 3/5, and favorable proficiency is 4/5."
CR15,Data Scientist,http://data.europa.eu/esco/skill/51586df8-1c46-4b47-8583-773cb63bf00b,R,optional,0.5629,2,3,"R is a supporting skill for this role, useful and moderately important based on the ranking signal. Minimum acceptable proficiency is 2/5, and favorable proficiency is 3/5."
CR15,Data Scientist,http://data.europa.eu/esco/skill/af7ae54f-4649-4c16-87c7-59ba41d4d57f,SPARK,optional,0.2626,1,2,"SPARK is a supporting skill for this role, helpful but not central based on the ranking signal. Minimum acceptable proficiency is 1/5, and favorable proficiency is 2/5."
CR15,Data Scientist,http://data.europa.eu/esco/skill/25f0ea33-b4a2-4f31-b7b4-7d20e827b180,data mining,optional,0.2028,1,2,"data mining is a supporting skill for this role, helpful but not central based on the ranking signal. Minimum acceptable proficiency is 1/5, and favorable proficiency is 2/5."
CR15,Data Scientist,http://data.europa.eu/esco/skill/19a8293b-8e95-4de3-983f-77484079c389,Java (computer programming),optional,0.1619,1,2,"Java (computer programming) is a supporting skill for this role, helpful but not central based on the ranking signal. Minimum acceptable proficiency is 1/5, and favorable proficiency is 2/5."
CR15,Data Scientist,http://data.europa.eu/esco/skill/382c11ed-20d5-4ae7-b60e-15fec527fa6c,apply statistical analysis techniques,essential,0.1352,2,3,"apply statistical analysis techniques is a core skill for this role, helpful but not central based on the ranking signal. Minimum acceptable proficiency is 2/5, and favorable proficiency is 3/5."
CR15,Data Scientist,http://data.europa.eu/esco/skill/ffddfc7c-a9dd-449f-9e96-882dc447c8b6,Scala,optional,0.1195,1,2,"Scala is a supporting skill for this role, helpful but not central based on the ranking signal. Minimum acceptable proficiency is 1/5, and favorable proficiency is 2/5."
CR15,Data Scientist,http://data.europa.eu/esco/skill/48db96bf-3314-45c6-bad8-fdb6e20e5639,data engineering,optional,0.1116,1,2,"data engineering is a supporting skill for this role, helpful but not central based on the ranking signal. Minimum acceptable proficiency is 1/5, and favorable proficiency is 2/5."
CR15,Data Scientist,http://data.europa.eu/esco/skill/143769cb-b61e-47d8-a61e-eedfbec1016c,business intelligence,optional,0.1038,1,2,"business intelligence is a supporting skill for this role, helpful but not central based on the ranking signal. Minimum acceptable proficiency is 1/5, and favorable proficiency is 2/5."
CR15,Data Scientist,http://data.europa.eu/esco/skill/1605025e-a179-421f-8f35-5b07d182a6b2,web analytics,optional,0.0991,1,2,"web analytics is a supporting skill for this role, helpful but not central based on the ranking signal. Minimum acceptable proficiency is 1/5, and favorable proficiency is 2/5."
CR15,Data Scientist,http://data.europa.eu/esco/skill/08b04e53-ed25-41a2-9f90-0b9cd939ba3d,manage research data,essential,0.0959,2,3,"manage research data is a core skill for this role, helpful but not central based on the ranking signal. Minimum acceptable proficiency is 2/5, and favorable proficiency is 3/5."
CR15,Data Scientist,http://data.europa.eu/esco/skill/b633eb55-8f1f-4ae6-ab4c-2022ffe2cb7f,C++,optional,0.0881,1,2,"C++ is a supporting skill for this role, helpful but not central based on the ranking signal. Minimum acceptable proficiency is 1/5, and favorable proficiency is 2/5."
CR15,Data Scientist,http://data.europa.eu/esco/skill/0a9acb6b-1139-4be9-b431-3a80a959f2f4,Agile project management,optional,0.0818,1,2,"Agile project management is a supporting skill for this role, helpful but not central based on the ranking signal. Minimum acceptable proficiency is 1/5, and favorable proficiency is 2/5."
CR15,Data Scientist,http://data.europa.eu/esco/skill/4754d9fe-dc3a-4f8f-8ea6-5dbcea3a21ca,develop computer vision system,optional,0.0739,1,2,"develop computer vision system is a supporting skill for this role, helpful but not central based on the ranking signal. Minimum acceptable proficiency is 1/5, and favorable proficiency is 2/5."
CR15,Data Scientist,http://data.europa.eu/esco/skill/76ef6ed3-1658-4a1a-9593-204d799c6d0c,NoSQL,optional,0.0692,1,2,"NoSQL is a supporting skill for this role, helpful but not central based on the ranking signal. Minimum acceptable proficiency is 1/5, and favorable proficiency is 2/5."
CR15,Data Scientist,http://data.europa.eu/esco/skill/fecf8a0d-62c4-4e71-9b03-0f4fc2ad7bf5,data models,essential,0.0645,2,3,"data models is a core skill for this role, helpful but not central based on the ranking signal. Minimum acceptable proficiency is 2/5, and favorable proficiency is 3/5."
CR15,Data Scientist,http://data.europa.eu/esco/skill/04f1b938-d4d4-4cb1-a863-982af76b9d93,SAS language,optional,0.0613,1,2,"SAS language is a supporting skill for this role, helpful but not central based on the ranking signal. Minimum acceptable proficiency is 1/5, and favorable proficiency is 2/5."
CR15,Data Scientist,http://data.europa.eu/esco/skill/726abd5a-d23c-44b9-abb0-f22bbe95f1d3,operational research,optional,0.0597,1,2,"operational research is a supporting skill for this role, helpful but not central based on the ranking signal. Minimum acceptable proficiency is 1/5, and favorable proficiency is 2/5."
